County,State,3/15~4/30,4/1~5/15,4/15~5/31,5/1~6/15,5/15~6/30
Autauga,Alabama,2,8,8,10,10
Baldwin,Alabama,1,3,3,4,2
Barbour,Alabama,0,2,2,2,3
Bibb,Alabama,0,6,3,2,2
Blount,Alabama,4,5,4,3,2
Bullock,Alabama,4,2,1,3,6
Butler,Alabama,2,2,3,7,6
Calhoun,Alabama,6,6,2,4,3
Chambers,Alabama,2,6,3,2,3
Cherokee,Alabama,4,5,4,7,6
Chilton,Alabama,6,6,2,2,3
Choctaw,Alabama,4,6,4,1,5
Clarke,Alabama,0,3,1,4,3
Clay,Alabama,6,6,4,7,2
Cleburne,Alabama,6,6,1,2,2
Coffee,Alabama,0,2,2,7,3
Colbert,Alabama,2,1,1,2,6
Conecuh,Alabama,0,5,4,3,3
Coosa,Alabama,2,6,2,2,3
Covington,Alabama,0,4,2,2,2
Crenshaw,Alabama,0,2,4,7,6
Cullman,Alabama,1,1,1,1,1
Dale,Alabama,0,5,6,8,7
Dallas,Alabama,2,1,1,2,3
DeKalb,Alabama,2,1,1,4,3
Elmore,Alabama,2,2,2,3,3
Escambia,Alabama,0,2,2,2,2
Etowah,Alabama,2,3,2,2,2
Fayette,Alabama,0,5,5,8,5
Franklin,Alabama,1,1,1,7,6
Geneva,Alabama,0,5,6,8,8
Greene,Alabama,0,6,4,4,3
Hale,Alabama,0,2,2,7,6
Henry,Alabama,0,6,1,3,6
Houston,Alabama,2,3,1,2,3
Jackson,Alabama,1,3,2,2,2
Jefferson,Alabama,2,4,2,4,3
Lamar,Alabama,4,5,6,8,5
Lauderdale,Alabama,1,1,1,2,3
Lawrence,Alabama,4,5,6,8,4
Lee,Alabama,2,6,2,2,2
Limestone,Alabama,4,5,6,8,4
Lowndes,Alabama,2,2,3,3,6
Macon,Alabama,0,3,1,2,6
Madison,Alabama,2,4,1,2,2
Marengo,Alabama,2,3,2,4,6
Marion,Alabama,2,3,2,7,3
Marshall,Alabama,2,3,3,4,2
Mobile,Alabama,1,3,2,6,3
Monroe,Alabama,0,3,1,2,2
Montgomery,Alabama,2,1,2,3,6
Morgan,Alabama,4,6,3,2,2
Perry,Alabama,0,5,6,8,4
Pickens,Alabama,6,6,3,6,3
Pike,Alabama,4,5,6,1,5
Randolph,Alabama,0,3,3,7,3
Russell,Alabama,4,5,6,8,4
St. Clair,Alabama,4,6,3,4,3
Shelby,Alabama,2,4,2,2,2
Sumter,Alabama,0,2,2,7,5
Talladega,Alabama,2,6,2,4,3
Tallapoosa,Alabama,2,4,4,7,6
Tuscaloosa,Alabama,2,6,3,3,3
Walker,Alabama,4,5,4,7,6
Washington,Alabama,1,1,3,7,6
Wilcox,Alabama,2,6,3,2,3
Winston,Alabama,0,2,3,2,3
Aleutians East,Alaska,0,0,0,0,0
Aleutians West,Alaska,0,0,0,0,0
Anchorage,Alaska,2,4,2,2,3
Bethel,Alaska,0,9,5,8,8
Bristol Bay,Alaska,0,0,0,0,0
Denali,Alaska,0,0,0,0,0
Dillingham,Alaska,0,0,0,0,0
Fairbanks North Star,Alaska,6,6,3,2,2
Haines,Alaska,0,0,0,0,0
Hoonah-Angoon,Alaska,0,0,0,0,0
Juneau,Alaska,4,5,6,8,5
Kenai Peninsula,Alaska,4,6,2,2,2
Ketchikan Gateway,Alaska,4,5,9,9,4
Kodiak Island,Alaska,0,0,0,9,8
Kusilvak,Alaska,0,0,0,0,0
Lake and Peninsula,Alaska,0,0,0,0,0
Matanuska-Susitna,Alaska,0,6,2,2,2
Nome,Alaska,0,0,6,8,8
North Slope,Alaska,0,0,0,0,0
Northwest Arctic,Alaska,0,0,0,0,8
Petersburg,Alaska,0,6,4,4,9
Prince of Wales-Hyder,Alaska,0,5,8,8,8
Sitka,Alaska,0,0,0,8,4
Skagway,Alaska,0,0,0,0,0
Southeast Fairbanks,Alaska,0,5,6,8,8
Valdez-Cordova,Alaska,0,0,0,0,0
Wrangell,Alaska,0,0,0,0,0
Yakutat,Alaska,0,0,0,0,0
Yukon-Koyukuk,Alaska,0,7,8,10,8
Apache,Arizona,1,1,2,7,6
Cochise,Arizona,4,6,3,2,2
Coconino,Arizona,3,3,2,7,3
Gila,Arizona,0,6,4,2,2
Graham,Arizona,4,5,4,1,3
Greenlee,Arizona,0,9,6,1,5
La Paz,Arizona,2,1,1,2,3
Maricopa,Arizona,3,3,2,2,2
Mohave,Arizona,2,2,2,4,3
Navajo,Arizona,2,3,2,4,3
Pima,Arizona,3,4,2,2,2
Pinal,Arizona,2,2,3,2,2
Santa Cruz,Arizona,4,5,6,1,1
Yavapai,Arizona,6,3,3,7,2
Yuma,Arizona,2,1,1,2,3
Arkansas,Arkansas,0,5,6,8,4
Ashley,Arkansas,0,5,6,1,1
Baxter,Arkansas,0,5,6,8,4
Benton,Arkansas,4,5,4,1,1
Boone,Arkansas,4,5,5,8,5
Bradley,Arkansas,2,4,1,2,3
Calhoun,Arkansas,0,0,0,0,0
Carroll,Arkansas,0,5,4,6,6
Chicot,Arkansas,0,5,5,1,1
Clark,Arkansas,4,5,6,8,8
Clay,Arkansas,0,5,6,8,5
Cleburne,Arkansas,6,6,3,2,2
Cleveland,Arkansas,4,5,6,8,8
Columbia,Arkansas,4,2,3,4,2
Conway,Arkansas,1,1,3,2,2
Craighead,Arkansas,2,1,1,7,5
Crawford,Arkansas,4,5,6,8,5
Crittenden,Arkansas,2,6,1,2,3
Cross,Arkansas,4,5,6,8,5
Dallas,Arkansas,0,9,8,9,8
Desha,Arkansas,4,5,6,8,5
Drew,Arkansas,2,3,3,2,2
Faulkner,Arkansas,2,4,2,2,2
Franklin,Arkansas,0,5,5,8,4
Fulton,Arkansas,0,0,5,8,8
Garland,Arkansas,4,6,4,2,2
Grant,Arkansas,4,5,5,8,4
Greene,Arkansas,4,5,6,8,4
Hempstead,Arkansas,2,3,1,2,3
Hot Spring,Arkansas,4,5,5,8,4
Howard,Arkansas,0,5,6,8,5
Independence,Arkansas,4,5,6,8,8
Izard,Arkansas,0,5,5,7,5
Jackson,Arkansas,0,0,0,8,8
Jefferson,Arkansas,2,3,2,4,6
Johnson,Arkansas,0,5,6,8,4
Lafayette,Arkansas,0,6,4,4,2
Lawrence,Arkansas,1,3,4,7,6
Lee,Arkansas,0,1,1,2,2
Lincoln,Arkansas,4,6,4,7,6
Little River,Arkansas,0,0,0,0,4
Logan,Arkansas,0,6,1,2,4
Lonoke,Arkansas,4,5,6,8,5
Madison,Arkansas,0,9,6,8,4
Marion,Arkansas,0,9,0,9,4
Miller,Arkansas,0,6,3,2,3
Mississippi,Arkansas,0,5,4,7,3
Monroe,Arkansas,0,5,6,8,8
Montgomery,Arkansas,0,0,0,8,8
Nevada,Arkansas,0,5,5,8,5
Newton,Arkansas,0,5,5,10,8
Ouachita,Arkansas,0,5,6,8,8
Perry,Arkansas,0,5,6,8,8
Phillips,Arkansas,0,6,1,2,2
Pike,Arkansas,4,5,5,8,8
Poinsett,Arkansas,2,2,4,2,6
Polk,Arkansas,4,5,6,1,6
Pope,Arkansas,4,5,4,6,6
Prairie,Arkansas,0,5,8,8,4
Pulaski,Arkansas,2,4,2,3,3
Randolph,Arkansas,4,5,6,8,5
St. Francis,Arkansas,0,5,4,7,5
Saline,Arkansas,2,4,2,2,3
Scott,Arkansas,0,7,8,8,4
Searcy,Arkansas,4,5,9,9,9
Sebastian,Arkansas,4,5,6,1,6
Sevier,Arkansas,6,2,1,2,3
Sharp,Arkansas,0,2,4,7,6
Stone,Arkansas,4,5,6,8,8
Union,Arkansas,4,2,4,7,6
Van Buren,Arkansas,6,6,3,2,2
Washington,Arkansas,2,2,1,2,2
White,Arkansas,6,6,2,2,2
Woodruff,Arkansas,8,8,6,8,8
Yell,Arkansas,0,2,1,2,2
Alameda,California,3,3,2,4,3
Alpine,California,0,5,6,10,10
Amador,California,4,5,6,8,8
Butte,California,4,5,6,1,6
Calaveras,California,4,5,5,8,8
Colusa,California,0,5,5,8,4
Contra Costa,California,2,4,2,2,3
Del Norte,California,0,5,6,8,5
El Dorado,California,4,5,6,8,8
Fresno,California,2,1,2,4,3
Glenn,California,0,5,6,8,4
Humboldt,California,4,5,4,7,6
Imperial,California,1,1,1,2,3
Inyo,California,6,6,4,2,2
Kern,California,1,3,3,4,3
Kings,California,0,1,1,2,6
Lake,California,0,5,6,8,4
Lassen,California,0,0,0,0,4
Los Angeles,California,1,3,2,4,3
Madera,California,2,1,1,2,2
Marin,California,2,3,1,2,2
Mariposa,California,0,0,0,7,2
Mendocino,California,7,5,6,8,8
Merced,California,2,3,2,4,2
Modoc,California,0,0,0,0,0
Mono,California,2,3,2,7,3
Monterey,California,1,1,2,2,2
Napa,California,2,3,2,2,2
Nevada,California,6,6,4,2,2
Orange,California,3,3,2,4,3
Placer,California,1,6,1,2,2
Plumas,California,0,5,8,9,4
Riverside,California,1,3,3,3,3
Sacramento,California,1,6,3,2,2
San Benito,California,1,3,1,2,2
San Bernardino,California,1,3,2,4,3
San Diego,California,2,3,2,4,3
San Francisco,California,3,3,2,7,3
San Joaquin,California,1,3,2,2,2
San Luis Obispo,California,2,3,2,2,2
San Mateo,California,5,3,2,4,3
Santa Barbara,California,2,1,2,7,3
Santa Clara,California,5,6,3,4,3
Santa Cruz,California,2,4,2,3,3
Shasta,California,2,6,2,2,2
Sierra,California,0,0,0,0,9
Siskiyou,California,4,5,6,8,4
Solano,California,3,3,3,7,2
Sonoma,California,1,3,2,3,3
Stanislaus,California,2,4,3,2,2
Sutter,California,2,6,2,2,2
Tehama,California,0,6,1,2,2
Trinity,California,0,0,0,8,9
Tulare,California,2,1,2,4,3
Tuolumne,California,0,5,6,8,8
Ventura,California,3,3,2,2,2
Yolo,California,2,6,4,2,2
Yuba,California,6,4,2,4,2
Adams,Colorado,2,3,2,7,6
Alamosa,Colorado,0,1,1,2,3
Arapahoe,Colorado,2,3,3,7,6
Archuleta,Colorado,0,5,5,10,8
Baca,Colorado,0,5,9,9,8
Bent,Colorado,0,0,0,8,8
Boulder,Colorado,2,4,3,7,3
Broomfield,Colorado,2,4,4,7,6
Chaffee,Colorado,3,6,4,4,5
Cheyenne,Colorado,0,0,0,8,10
Clear Creek,Colorado,6,6,3,7,6
Conejos,Colorado,0,0,0,8,7
Costilla,Colorado,0,7,5,8,8
Crowley,Colorado,2,1,1,3,6
Custer,Colorado,0,5,8,10,10
Delta,Colorado,1,1,2,6,6
Denver,Colorado,2,3,3,7,6
Dolores,Colorado,0,0,0,0,0
Douglas,Colorado,2,4,3,7,3
Eagle,Colorado,2,6,3,4,3
Elbert,Colorado,2,3,2,7,6
El Paso,Colorado,1,3,2,6,6
Fremont,Colorado,4,5,5,8,8
Garfield,Colorado,2,3,2,2,2
Gilpin,Colorado,0,5,6,8,8
Grand,Colorado,4,9,6,8,5
Gunnison,Colorado,2,4,4,7,2
Hinsdale,Colorado,4,5,8,10,10
Huerfano,Colorado,4,5,6,9,9
Jackson,Colorado,0,0,0,0,0
Jefferson,Colorado,2,4,3,7,6
Kiowa,Colorado,0,0,0,0,0
Kit Carson,Colorado,2,6,4,7,6
Lake,Colorado,0,5,6,8,8
La Plata,Colorado,4,6,4,7,3
Larimer,Colorado,3,3,2,7,6
Las Animas,Colorado,0,5,5,8,8
Lincoln,Colorado,0,5,5,10,9
Logan,Colorado,2,1,1,7,5
Mesa,Colorado,4,5,6,8,8
Mineral,Colorado,0,7,8,10,8
Moffat,Colorado,0,5,6,8,7
Montezuma,Colorado,0,3,1,2,6
Montrose,Colorado,2,4,2,6,6
Morgan,Colorado,2,2,4,7,5
Otero,Colorado,2,6,2,3,6
Ouray,Colorado,0,6,2,5,3
Park,Colorado,4,5,6,8,8
Phillips,Colorado,0,5,5,8,8
Pitkin,Colorado,2,6,4,2,2
Prowers,Colorado,0,5,6,8,8
Pueblo,Colorado,1,3,2,4,6
Rio Blanco,Colorado,0,7,8,10,4
Rio Grande,Colorado,4,5,3,3,6
Routt,Colorado,6,6,4,7,2
Saguache,Colorado,0,5,4,1,5
San Juan,Colorado,0,0,0,8,8
San Miguel,Colorado,4,5,6,8,8
Sedgwick,Colorado,0,0,0,0,0
Summit,Colorado,2,4,2,7,6
Teller,Colorado,2,3,4,2,6
Washington,Colorado,4,5,5,8,8
Weld,Colorado,1,3,3,7,6
Yuma,Colorado,4,5,5,8,8
Fairfield,Connecticut,3,4,4,7,6
Hartford,Connecticut,2,4,3,7,6
Litchfield,Connecticut,2,4,3,7,6
Middlesex,Connecticut,2,4,3,7,6
New Haven,Connecticut,2,4,4,7,6
New London,Connecticut,2,3,3,7,6
Tolland,Connecticut,1,3,2,5,5
Windham,Connecticut,2,3,3,7,3
Kent,Delaware,1,3,3,7,6
New Castle,Delaware,2,4,2,7,6
Sussex,Delaware,1,3,3,7,6
District of Columbia,District of Columbia,3,3,3,7,6
Alachua,Florida,6,6,4,2,2
Baker,Florida,6,6,2,7,2
Bay,Florida,2,6,3,2,2
Bradford,Florida,6,6,4,7,2
Brevard,Florida,2,4,3,2,2
Broward,Florida,2,4,3,4,2
Calhoun,Florida,0,2,4,7,6
Charlotte,Florida,2,4,3,7,3
Citrus,Florida,2,6,3,2,2
Clay,Florida,1,4,3,4,2
Collier,Florida,2,4,2,2,3
Columbia,Florida,6,2,3,4,3
DeSoto,Florida,2,1,1,2,2
Dixie,Florida,0,5,4,1,5
Duval,Florida,1,4,2,4,2
Escambia,Florida,2,4,3,7,2
Flagler,Florida,1,3,3,6,3
Franklin,Florida,0,5,8,8,8
Gadsden,Florida,4,6,4,7,5
Gilchrist,Florida,0,5,6,8,8
Glades,Florida,0,1,1,2,2
Gulf,Florida,0,7,8,8,4
Hamilton,Florida,0,5,6,7,5
Hardee,Florida,0,5,6,8,5
Hendry,Florida,0,2,2,3,3
Hernando,Florida,6,6,3,2,2
Highlands,Florida,2,4,2,2,2
Hillsborough,Florida,2,4,2,2,2
Holmes,Florida,0,5,5,8,4
Indian River,Florida,6,6,2,2,2
Jackson,Florida,4,5,4,7,5
Jefferson,Florida,0,6,4,2,2
Lafayette,Florida,0,5,6,8,4
Lake,Florida,2,6,3,2,2
Lee,Florida,1,4,2,3,2
Leon,Florida,1,6,2,4,2
Levy,Florida,0,5,4,1,6
Liberty,Florida,0,5,6,7,5
Madison,Florida,0,2,4,4,2
Manatee,Florida,1,4,3,4,2
Marion,Florida,2,4,3,4,2
Martin,Florida,2,4,1,2,3
Miami-Dade,Florida,2,6,3,4,2
Monroe,Florida,2,4,2,4,2
Nassau,Florida,4,6,4,3,2
Okaloosa,Florida,2,6,3,2,2
Okeechobee,Florida,0,5,6,8,4
Orange,Florida,1,6,2,2,2
Osceola,Florida,2,4,3,4,2
Palm Beach,Florida,3,3,2,2,3
Pasco,Florida,1,4,3,2,2
Pinellas,Florida,2,4,3,2,2
Polk,Florida,2,3,2,4,2
Putnam,Florida,1,1,4,4,2
St. Johns,Florida,2,6,2,2,2
St. Lucie,Florida,2,6,2,2,2
Santa Rosa,Florida,1,6,2,3,2
Sarasota,Florida,2,4,2,4,2
Seminole,Florida,6,6,3,2,2
Sumter,Florida,2,3,4,7,2
Suwannee,Florida,0,6,4,2,2
Taylor,Florida,0,5,6,8,8
Union,Florida,0,5,4,7,6
Volusia,Florida,2,4,3,4,2
Wakulla,Florida,0,3,3,7,2
Walton,Florida,4,2,4,7,3
Washington,Florida,0,5,4,7,6
Appling,Georgia,0,2,3,4,3
Atkinson,Georgia,0,2,2,2,2
Bacon,Georgia,0,1,1,2,3
Baker,Georgia,1,3,3,7,3
Baldwin,Georgia,1,1,4,7,6
Banks,Georgia,0,5,4,7,6
Barrow,Georgia,1,1,2,7,3
Bartow,Georgia,2,4,2,6,3
Ben Hill,Georgia,4,2,3,6,3
Berrien,Georgia,0,5,6,1,6
Bibb,Georgia,2,4,4,7,3
Bleckley,Georgia,0,5,6,7,5
Brantley,Georgia,0,3,1,3,6
Brooks,Georgia,0,2,3,2,2
Bryan,Georgia,2,3,3,6,3
Bulloch,Georgia,0,6,2,2,2
Burke,Georgia,2,3,3,7,3
Butts,Georgia,2,2,4,7,6
Calhoun,Georgia,0,3,3,7,6
Camden,Georgia,6,6,2,3,3
Candler,Georgia,0,5,6,8,8
Carroll,Georgia,2,6,3,6,6
Catoosa,Georgia,4,5,6,8,5
Charlton,Georgia,4,2,4,7,6
Chatham,Georgia,2,3,2,6,2
Chattahoochee,Georgia,0,5,6,8,5
Chattooga,Georgia,2,4,2,2,2
Cherokee,Georgia,1,3,3,7,3
Clarke,Georgia,5,3,1,3,3
Clay,Georgia,0,6,2,2,6
Clayton,Georgia,3,3,3,7,3
Clinch,Georgia,4,2,4,7,6
Cobb,Georgia,1,3,2,7,3
Coffee,Georgia,2,3,2,4,3
Colquitt,Georgia,2,3,1,2,3
Columbia,Georgia,2,6,3,4,3
Cook,Georgia,0,2,2,2,2
Coweta,Georgia,1,3,2,6,6
Crawford,Georgia,0,5,6,8,8
Crisp,Georgia,2,6,4,7,6
Dade,Georgia,0,1,2,2,3
Dawson,Georgia,2,3,2,7,6
Decatur,Georgia,2,6,2,7,6
DeKalb,Georgia,3,4,3,7,3
Dodge,Georgia,6,6,3,7,2
Dooly,Georgia,0,4,3,7,6
Dougherty,Georgia,1,6,3,7,6
Douglas,Georgia,2,3,3,7,3
Early,Georgia,1,6,4,7,6
Echols,Georgia,0,5,5,8,8
Effingham,Georgia,2,4,1,3,3
Elbert,Georgia,0,5,6,8,8
Emanuel,Georgia,0,6,4,2,2
Evans,Georgia,0,0,6,8,4
Fannin,Georgia,2,6,3,2,2
Fayette,Georgia,1,4,3,7,3
Floyd,Georgia,5,6,1,2,3
Forsyth,Georgia,2,3,2,6,3
Franklin,Georgia,0,2,3,2,3
Fulton,Georgia,3,4,3,7,3
Gilmer,Georgia,0,6,3,7,5
Glascock,Georgia,0,0,0,1,8
Glynn,Georgia,6,6,2,2,2
Gordon,Georgia,2,3,3,2,2
Grady,Georgia,0,2,3,2,3
Greene,Georgia,2,6,4,3,6
Gwinnett,Georgia,1,3,2,4,3
Habersham,Georgia,0,3,3,7,6
Hall,Georgia,2,2,4,7,6
Hancock,Georgia,0,2,4,7,5
Haralson,Georgia,0,6,2,4,6
Harris,Georgia,2,4,3,2,3
Hart,Georgia,0,5,6,8,8
Heard,Georgia,1,1,1,6,6
Henry,Georgia,3,4,3,4,3
Houston,Georgia,2,3,2,4,3
Irwin,Georgia,6,6,2,2,2
Jackson,Georgia,2,3,3,4,3
Jasper,Georgia,4,5,4,6,6
Jeff Davis,Georgia,0,2,2,2,2
Jefferson,Georgia,0,3,1,2,2
Jenkins,Georgia,0,6,3,2,3
Johnson,Georgia,0,3,3,7,6
Jones,Georgia,4,5,6,8,4
Lamar,Georgia,6,6,2,7,6
Lanier,Georgia,0,6,1,2,2
Laurens,Georgia,2,3,2,7,3
Lee,Georgia,2,6,3,7,6
Liberty,Georgia,4,5,5,7,6
Lincoln,Georgia,4,5,4,7,3
Long,Georgia,4,5,4,6,3
Lowndes,Georgia,1,3,2,2,2
Lumpkin,Georgia,2,2,3,7,6
McDuffie,Georgia,0,4,2,7,3
McIntosh,Georgia,0,5,4,7,3
Macon,Georgia,6,6,4,4,6
Madison,Georgia,1,1,1,2,6
Marion,Georgia,0,6,3,3,6
Meriwether,Georgia,6,6,4,4,3
Miller,Georgia,4,5,6,8,7
Mitchell,Georgia,2,4,3,7,6
Monroe,Georgia,2,3,2,5,5
Montgomery,Georgia,0,0,6,8,8
Morgan,Georgia,4,5,6,8,8
Murray,Georgia,0,2,3,2,3
Muscogee,Georgia,2,4,2,2,3
Newton,Georgia,3,3,2,6,3
Oconee,Georgia,2,3,4,1,6
Oglethorpe,Georgia,0,1,4,4,3
Paulding,Georgia,2,4,2,4,3
Peach,Georgia,1,1,3,7,6
Pickens,Georgia,1,1,2,2,3
Pierce,Georgia,6,6,2,2,3
Pike,Georgia,0,6,3,2,3
Polk,Georgia,4,5,4,1,6
Pulaski,Georgia,2,3,3,7,3
Putnam,Georgia,0,2,3,7,6
Quitman,Georgia,0,3,1,3,6
Rabun,Georgia,0,6,3,2,6
Randolph,Georgia,6,6,4,4,6
Richmond,Georgia,2,4,3,7,3
Rockdale,Georgia,3,3,2,4,3
Schley,Georgia,0,6,4,2,3
Screven,Georgia,0,6,1,3,6
Seminole,Georgia,2,4,3,7,6
Spalding,Georgia,2,3,4,7,3
Stephens,Georgia,2,2,2,7,6
Stewart,Georgia,0,5,4,7,6
Sumter,Georgia,2,6,3,6,6
Talbot,Georgia,0,4,2,4,3
Taliaferro,Georgia,0,0,0,8,9
Tattnall,Georgia,4,5,6,8,4
Taylor,Georgia,2,3,3,4,3
Telfair,Georgia,0,6,4,3,2
Terrell,Georgia,3,6,4,7,6
Thomas,Georgia,2,4,3,7,3
Tift,Georgia,2,4,2,4,2
Toombs,Georgia,2,3,2,2,2
Towns,Georgia,0,6,4,2,3
Treutlen,Georgia,0,5,6,8,5
Troup,Georgia,1,3,2,2,3
Turner,Georgia,6,6,2,3,6
Twiggs,Georgia,4,5,4,1,6
Union,Georgia,0,2,2,3,6
Upson,Georgia,0,6,4,7,3
Walker,Georgia,0,5,6,1,5
Walton,Georgia,1,3,2,6,6
Ware,Georgia,2,3,2,4,3
Warren,Georgia,0,5,5,8,8
Washington,Georgia,2,4,2,7,2
Wayne,Georgia,0,5,6,8,4
Webster,Georgia,0,6,4,2,2
Wheeler,Georgia,0,5,5,8,4
White,Georgia,4,2,4,7,6
Whitfield,Georgia,1,1,1,2,2
Wilcox,Georgia,0,6,4,6,6
Wilkes,Georgia,4,6,4,7,2
Wilkinson,Georgia,0,4,2,7,5
Worth,Georgia,3,6,4,7,3
Hawaii,Hawaii,4,5,5,8,8
Honolulu,Hawaii,6,6,4,2,2
Kalawao,Hawaii,0,0,0,0,0
Kauai,Hawaii,4,5,9,8,8
Maui,Hawaii,2,6,4,7,3
Ada,Idaho,2,6,4,7,2
Adams,Idaho,0,5,9,9,4
Bannock,Idaho,4,5,5,1,6
Bear Lake,Idaho,0,0,0,0,0
Benewah,Idaho,0,0,0,0,0
Bingham,Idaho,4,5,5,8,8
Blaine,Idaho,2,6,4,7,2
Boise,Idaho,0,0,0,0,0
Bonner,Idaho,0,5,0,8,8
Bonneville,Idaho,0,5,5,8,5
Boundary,Idaho,0,0,0,0,0
Butte,Idaho,0,0,0,0,0
Camas,Idaho,0,7,8,10,10
Canyon,Idaho,3,4,3,2,2
Caribou,Idaho,0,9,8,8,8
Cassia,Idaho,2,3,1,2,2
Clark,Idaho,0,0,0,0,0
Clearwater,Idaho,0,0,0,0,0
Custer,Idaho,4,7,8,10,8
Elmore,Idaho,0,6,4,2,2
Franklin,Idaho,0,0,0,0,0
Fremont,Idaho,4,5,9,8,8
Gem,Idaho,0,5,5,8,4
Gooding,Idaho,0,5,5,8,5
Idaho,Idaho,4,5,8,10,9
Jefferson,Idaho,4,5,6,8,8
Jerome,Idaho,0,3,1,3,6
Kootenai,Idaho,4,5,6,8,5
Latah,Idaho,0,5,6,8,4
Lemhi,Idaho,0,0,9,10,9
Lewis,Idaho,0,0,0,0,0
Lincoln,Idaho,0,5,5,8,8
Madison,Idaho,4,5,6,8,8
Minidoka,Idaho,0,5,6,8,8
Nez Perce,Idaho,2,3,4,7,2
Oneida,Idaho,0,0,0,0,0
Owyhee,Idaho,0,5,6,10,4
Payette,Idaho,2,4,3,7,2
Power,Idaho,0,5,6,8,8
Shoshone,Idaho,0,0,0,0,0
Teton,Idaho,4,5,5,8,8
Twin Falls,Idaho,2,3,2,7,6
Valley,Idaho,4,5,8,9,8
Washington,Idaho,0,5,5,8,8
Adams,Illinois,4,6,4,6,2
Alexander,Illinois,0,0,5,8,8
Bond,Illinois,0,1,2,7,6
Boone,Illinois,0,1,1,6,6
Brown,Illinois,0,0,0,8,8
Bureau,Illinois,0,6,4,2,3
Calhoun,Illinois,0,9,8,10,10
Carroll,Illinois,0,3,2,2,6
Cass,Illinois,0,0,6,8,5
Champaign,Illinois,2,1,1,4,6
Christian,Illinois,6,6,2,2,3
Clark,Illinois,0,5,5,8,8
Clay,Illinois,0,0,5,8,8
Clinton,Illinois,2,6,4,7,6
Coles,Illinois,0,2,3,7,5
Cook,Illinois,2,3,2,7,6
Crawford,Illinois,0,5,5,8,4
Cumberland,Illinois,4,5,6,8,8
DeKalb,Illinois,1,1,1,7,5
De Witt,Illinois,0,5,6,9,9
Douglas,Illinois,4,5,6,8,8
DuPage,Illinois,1,3,2,7,6
Edgar,Illinois,0,0,0,0,0
Edwards,Illinois,0,0,0,0,10
Effingham,Illinois,0,6,3,2,3
Fayette,Illinois,0,6,3,7,6
Ford,Illinois,0,1,2,7,3
Franklin,Illinois,0,5,6,8,8
Fulton,Illinois,0,1,1,3,8
Gallatin,Illinois,0,5,8,10,10
Greene,Illinois,0,5,6,8,8
Grundy,Illinois,4,6,4,7,6
Hamilton,Illinois,0,0,6,8,4
Hancock,Illinois,0,5,5,7,5
Hardin,Illinois,0,0,9,10,10
Henderson,Illinois,0,0,6,8,9
Henry,Illinois,0,5,6,7,6
Iroquois,Illinois,0,2,4,7,6
Jackson,Illinois,1,1,1,6,6
Jasper,Illinois,0,2,4,7,6
Jefferson,Illinois,0,6,4,7,3
Jersey,Illinois,0,6,3,4,3
Jo Daviess,Illinois,4,6,1,7,5
Johnson,Illinois,0,0,5,8,8
Kane,Illinois,1,1,2,7,6
Kankakee,Illinois,2,3,2,7,6
Kendall,Illinois,1,1,2,7,6
Knox,Illinois,0,5,6,8,8
Lake,Illinois,2,3,2,7,6
LaSalle,Illinois,1,1,3,7,6
Lawrence,Illinois,0,5,6,8,8
Lee,Illinois,0,2,4,7,6
Livingston,Illinois,6,6,2,7,6
Logan,Illinois,0,5,5,8,8
McDonough,Illinois,0,2,4,7,5
McHenry,Illinois,1,3,2,7,6
McLean,Illinois,1,3,2,7,5
Macon,Illinois,0,4,3,7,6
Macoupin,Illinois,0,6,4,7,6
Madison,Illinois,2,4,4,7,3
Marion,Illinois,0,5,6,8,8
Marshall,Illinois,4,5,6,9,8
Mason,Illinois,0,5,6,8,8
Massac,Illinois,0,5,6,8,4
Menard,Illinois,0,5,6,8,8
Mercer,Illinois,0,5,6,8,8
Monroe,Illinois,2,6,3,4,3
Montgomery,Illinois,0,1,3,7,6
Morgan,Illinois,0,1,2,2,3
Moultrie,Illinois,0,5,5,8,8
Ogle,Illinois,0,3,2,7,6
Peoria,Illinois,1,1,2,4,6
Perry,Illinois,0,5,6,8,5
Piatt,Illinois,0,5,5,8,8
Pike,Illinois,0,7,8,9,9
Pope,Illinois,0,0,0,9,10
Pulaski,Illinois,0,5,5,8,8
Putnam,Illinois,0,0,0,0,8
Randolph,Illinois,0,3,3,7,5
Richland,Illinois,0,5,6,9,9
Rock Island,Illinois,2,3,3,7,3
St. Clair,Illinois,2,3,2,6,6
Saline,Illinois,0,5,6,8,8
Sangamon,Illinois,1,1,3,7,6
Schuyler,Illinois,0,5,6,8,8
Scott,Illinois,0,0,0,0,0
Shelby,Illinois,0,6,3,6,6
Stark,Illinois,0,9,5,8,8
Stephenson,Illinois,4,5,4,7,5
Tazewell,Illinois,0,3,2,7,3
Union,Illinois,0,0,4,7,5
Vermilion,Illinois,0,2,3,7,3
Wabash,Illinois,0,5,6,8,8
Warren,Illinois,0,5,6,8,8
Washington,Illinois,4,5,6,8,8
Wayne,Illinois,0,0,4,7,2
White,Illinois,0,0,6,9,7
Whiteside,Illinois,1,3,3,7,6
Will,Illinois,1,3,2,7,6
Williamson,Illinois,4,2,4,7,6
Winnebago,Illinois,1,1,2,7,6
Woodford,Illinois,6,6,2,4,3
Adams,Indiana,6,6,1,2,2
Allen,Indiana,1,3,2,2,6
Bartholomew,Indiana,2,3,3,7,6
Benton,Indiana,0,5,5,8,8
Blackford,Indiana,0,3,1,6,6
Boone,Indiana,6,6,3,4,6
Brown,Indiana,2,3,2,7,6
Carroll,Indiana,0,1,1,7,6
Cass,Indiana,0,1,3,7,6
Clark,Indiana,2,3,3,7,6
Clay,Indiana,0,6,1,7,5
Clinton,Indiana,0,1,1,3,6
Crawford,Indiana,0,5,5,8,8
Daviess,Indiana,0,6,3,2,6
Dearborn,Indiana,1,4,4,7,3
Decatur,Indiana,2,6,4,7,6
DeKalb,Indiana,2,4,2,2,3
Delaware,Indiana,1,3,2,7,5
Dubois,Indiana,4,2,4,7,5
Elkhart,Indiana,1,1,2,2,3
Fayette,Indiana,2,3,1,4,6
Floyd,Indiana,2,6,3,7,6
Fountain,Indiana,1,1,2,7,3
Franklin,Indiana,2,4,4,4,6
Fulton,Indiana,0,2,4,7,6
Gibson,Indiana,4,5,4,7,3
Grant,Indiana,2,4,4,4,6
Greene,Indiana,2,3,3,7,6
Hamilton,Indiana,2,6,3,4,6
Hancock,Indiana,1,3,3,7,6
Harrison,Indiana,2,4,4,7,6
Hendricks,Indiana,3,4,3,7,6
Henry,Indiana,0,1,2,7,6
Howard,Indiana,1,1,2,7,6
Huntington,Indiana,0,1,1,2,3
Jackson,Indiana,6,2,3,7,6
Jasper,Indiana,1,3,1,2,6
Jay,Indiana,0,5,6,8,4
Jefferson,Indiana,0,6,4,7,3
Jennings,Indiana,6,6,3,7,6
Johnson,Indiana,1,3,3,7,6
Knox,Indiana,0,5,6,8,8
Kosciusko,Indiana,0,3,1,2,2
LaGrange,Indiana,0,1,1,2,2
Lake,Indiana,2,3,3,7,6
LaPorte,Indiana,1,1,3,7,6
Lawrence,Indiana,2,4,2,7,3
Madison,Indiana,2,4,3,7,6
Marion,Indiana,1,3,3,7,6
Marshall,Indiana,6,6,1,2,3
Martin,Indiana,0,5,6,8,8
Miami,Indiana,4,2,4,4,6
Monroe,Indiana,6,6,3,7,3
Montgomery,Indiana,4,2,4,7,6
Morgan,Indiana,2,3,3,7,6
Newton,Indiana,0,4,3,7,6
Noble,Indiana,2,3,2,3,3
Ohio,Indiana,4,5,6,8,8
Orange,Indiana,1,1,4,7,6
Owen,Indiana,6,6,2,6,6
Parke,Indiana,0,5,6,8,8
Perry,Indiana,0,5,5,1,5
Pike,Indiana,0,0,5,8,8
Porter,Indiana,2,4,3,7,6
Posey,Indiana,4,5,6,8,4
Pulaski,Indiana,0,5,6,7,5
Putnam,Indiana,1,3,2,7,6
Randolph,Indiana,0,3,1,2,6
Ripley,Indiana,6,6,3,7,6
Rush,Indiana,2,3,3,7,6
St. Joseph,Indiana,1,4,3,6,6
Scott,Indiana,1,1,1,7,6
Shelby,Indiana,2,4,3,7,6
Spencer,Indiana,0,6,2,3,6
Starke,Indiana,2,4,2,3,3
Steuben,Indiana,0,1,2,7,3
Sullivan,Indiana,4,5,4,1,6
Switzerland,Indiana,0,5,6,8,8
Tippecanoe,Indiana,1,1,1,7,6
Tipton,Indiana,2,6,3,4,6
Union,Indiana,0,5,5,8,8
Vanderburgh,Indiana,2,3,2,7,6
Vermillion,Indiana,0,5,5,8,8
Vigo,Indiana,2,3,1,4,6
Wabash,Indiana,0,2,3,7,3
Warren,Indiana,1,1,4,2,6
Warrick,Indiana,2,4,3,7,6
Washington,Indiana,4,6,4,7,3
Wayne,Indiana,2,3,2,4,3
Wells,Indiana,4,5,6,8,5
White,Indiana,0,2,4,7,5
Whitley,Indiana,0,3,2,4,3
Adair,Iowa,8,5,6,8,8
Adams,Iowa,0,0,0,0,8
Allamakee,Iowa,1,1,3,7,6
Appanoose,Iowa,2,1,1,3,6
Audubon,Iowa,0,2,4,7,3
Benton,Iowa,2,3,2,4,3
Black Hawk,Iowa,2,2,4,7,6
Boone,Iowa,0,5,6,7,5
Bremer,Iowa,0,6,4,7,3
Buchanan,Iowa,4,5,5,7,6
Buena Vista,Iowa,0,5,5,1,5
Butler,Iowa,0,5,4,7,6
Calhoun,Iowa,0,0,0,8,5
Carroll,Iowa,8,5,6,1,5
Cass,Iowa,0,0,6,8,8
Cedar,Iowa,4,6,4,7,2
Cerro Gordo,Iowa,4,5,4,6,2
Cherokee,Iowa,0,0,6,8,8
Chickasaw,Iowa,0,5,6,8,8
Clarke,Iowa,0,5,6,1,5
Clay,Iowa,0,5,5,8,4
Clayton,Iowa,2,3,2,7,6
Clinton,Iowa,0,6,4,7,2
Crawford,Iowa,0,1,1,3,6
Dallas,Iowa,4,2,4,7,6
Davis,Iowa,0,0,0,7,5
Decatur,Iowa,0,0,0,0,8
Delaware,Iowa,0,2,3,2,6
Des Moines,Iowa,6,2,2,7,6
Dickinson,Iowa,0,5,6,8,5
Dubuque,Iowa,1,1,3,7,6
Emmet,Iowa,0,0,0,0,8
Fayette,Iowa,4,5,6,8,8
Floyd,Iowa,0,0,0,1,2
Franklin,Iowa,0,5,6,8,4
Fremont,Iowa,0,0,0,8,8
Greene,Iowa,0,5,6,8,4
Grundy,Iowa,0,5,5,8,8
Guthrie,Iowa,0,2,4,7,6
Hamilton,Iowa,0,5,6,8,5
Hancock,Iowa,4,8,6,8,8
Hardin,Iowa,0,5,6,8,8
Harrison,Iowa,4,5,6,8,8
Henry,Iowa,2,3,1,7,5
Howard,Iowa,0,5,6,8,8
Humboldt,Iowa,0,0,6,1,6
Ida,Iowa,0,0,0,0,8
Iowa,Iowa,0,5,6,8,8
Jackson,Iowa,0,5,5,8,8
Jasper,Iowa,2,2,4,7,3
Jefferson,Iowa,0,5,6,8,8
Johnson,Iowa,2,4,4,7,2
Jones,Iowa,0,5,6,8,8
Keokuk,Iowa,0,5,6,8,5
Kossuth,Iowa,8,9,5,8,8
Lee,Iowa,0,5,6,7,5
Linn,Iowa,2,3,4,7,3
Louisa,Iowa,0,6,4,1,5
Lucas,Iowa,0,0,0,0,5
Lyon,Iowa,0,5,6,8,8
Madison,Iowa,0,1,1,4,6
Mahaska,Iowa,2,2,1,7,5
Marion,Iowa,0,5,6,8,4
Marshall,Iowa,0,6,4,7,6
Mills,Iowa,0,5,5,8,8
Mitchell,Iowa,0,5,5,8,8
Monona,Iowa,4,5,6,8,8
Monroe,Iowa,0,0,0,1,5
Montgomery,Iowa,0,5,6,7,5
Muscatine,Iowa,2,4,4,7,6
O'Brien,Iowa,0,5,5,1,5
Osceola,Iowa,0,5,5,8,8
Page,Iowa,4,5,5,8,8
Palo Alto,Iowa,0,0,0,8,8
Plymouth,Iowa,0,5,4,7,6
Pocahontas,Iowa,0,0,0,8,5
Polk,Iowa,1,1,2,7,6
Pottawattamie,Iowa,2,1,1,2,6
Poweshiek,Iowa,1,1,4,7,3
Ringgold,Iowa,0,0,0,0,8
Sac,Iowa,0,0,0,8,8
Scott,Iowa,2,6,3,7,2
Shelby,Iowa,0,5,6,8,4
Sioux,Iowa,4,5,6,8,8
Story,Iowa,6,2,2,2,2
Tama,Iowa,2,4,4,7,6
Taylor,Iowa,0,8,6,8,4
Union,Iowa,0,5,5,8,8
Van Buren,Iowa,0,5,5,8,8
Wapello,Iowa,4,2,4,7,5
Warren,Iowa,4,5,6,7,5
Washington,Iowa,2,4,3,7,6
Wayne,Iowa,0,0,0,8,8
Webster,Iowa,0,2,3,3,2
Winnebago,Iowa,0,5,6,8,8
Winneshiek,Iowa,4,5,6,8,8
Woodbury,Iowa,2,2,4,7,5
Worth,Iowa,0,5,5,8,4
Wright,Iowa,0,5,6,8,4
Allen,Kansas,0,0,0,0,8
Anderson,Kansas,0,0,0,8,8
Atchison,Kansas,0,5,5,8,8
Barber,Kansas,0,9,8,10,10
Barton,Kansas,0,2,3,7,6
Bourbon,Kansas,6,6,1,3,2
Brown,Kansas,0,0,0,8,8
Butler,Kansas,4,5,6,8,8
Chase,Kansas,0,0,6,8,8
Chautauqua,Kansas,0,5,9,10,10
Cherokee,Kansas,4,5,5,8,7
Cheyenne,Kansas,0,0,0,10,10
Clark,Kansas,0,0,4,7,5
Clay,Kansas,0,2,4,4,6
Cloud,Kansas,0,5,6,9,8
Coffey,Kansas,0,6,4,4,6
Comanche,Kansas,0,0,0,0,8
Cowley,Kansas,0,3,1,2,2
Crawford,Kansas,2,1,3,2,2
Decatur,Kansas,0,0,0,0,0
Dickinson,Kansas,0,0,5,1,5
Doniphan,Kansas,4,5,6,8,8
Douglas,Kansas,4,5,6,8,8
Edwards,Kansas,0,0,5,8,8
Elk,Kansas,0,0,0,0,0
Ellis,Kansas,0,5,9,8,8
Ellsworth,Kansas,0,0,0,8,9
Finney,Kansas,0,1,1,7,5
Ford,Kansas,0,2,4,7,6
Franklin,Kansas,4,5,6,8,8
Geary,Kansas,0,5,5,1,6
Gove,Kansas,0,8,8,10,10
Graham,Kansas,0,0,0,0,0
Grant,Kansas,0,0,6,7,6
Gray,Kansas,0,0,5,8,8
Greeley,Kansas,0,0,0,0,0
Greenwood,Kansas,0,5,6,8,7
Hamilton,Kansas,0,5,6,8,8
Harper,Kansas,0,0,0,8,9
Harvey,Kansas,0,5,5,8,8
Haskell,Kansas,0,0,5,8,8
Hodgeman,Kansas,0,0,0,0,8
Jackson,Kansas,8,5,4,7,5
Jefferson,Kansas,4,5,6,8,8
Jewell,Kansas,0,5,9,10,10
Johnson,Kansas,2,4,2,4,3
Kearny,Kansas,0,0,4,7,5
Kingman,Kansas,0,0,0,0,0
Kiowa,Kansas,0,0,7,8,8
Labette,Kansas,0,5,5,8,8
Lane,Kansas,0,0,0,0,8
Leavenworth,Kansas,1,1,2,7,6
Lincoln,Kansas,0,0,0,0,0
Linn,Kansas,4,5,7,8,8
Logan,Kansas,0,0,0,0,0
Lyon,Kansas,2,2,4,7,6
McPherson,Kansas,0,5,6,8,8
Marion,Kansas,0,6,4,11,2
Marshall,Kansas,0,0,0,0,0
Meade,Kansas,0,0,6,8,8
Miami,Kansas,0,5,5,8,8
Mitchell,Kansas,4,9,6,9,9
Montgomery,Kansas,0,6,3,7,2
Morris,Kansas,4,9,5,8,8
Morton,Kansas,0,5,5,1,5
Nemaha,Kansas,0,0,0,8,8
Neosho,Kansas,4,5,5,8,4
Ness,Kansas,0,0,0,0,8
Norton,Kansas,0,0,0,8,8
Osage,Kansas,0,5,5,8,8
Osborne,Kansas,0,5,8,10,10
Ottawa,Kansas,0,5,9,10,8
Pawnee,Kansas,0,0,0,0,0
Phillips,Kansas,0,5,9,9,9
Pottawatomie,Kansas,4,5,5,8,8
Pratt,Kansas,0,7,0,9,8
Rawlins,Kansas,0,0,0,0,0
Reno,Kansas,4,5,6,8,8
Republic,Kansas,0,5,8,10,8
Rice,Kansas,0,0,6,9,10
Riley,Kansas,4,6,4,7,3
Rooks,Kansas,0,5,6,8,8
Rush,Kansas,0,0,0,0,0
Russell,Kansas,0,0,0,0,0
Saline,Kansas,0,6,3,2,2
Scott,Kansas,0,5,5,8,8
Sedgwick,Kansas,3,4,4,4,2
Seward,Kansas,0,6,4,7,6
Shawnee,Kansas,2,3,1,2,3
Sheridan,Kansas,0,0,6,10,7
Sherman,Kansas,0,0,5,8,7
Smith,Kansas,0,0,0,9,9
Stafford,Kansas,0,8,8,10,10
Stanton,Kansas,0,0,6,8,8
Stevens,Kansas,0,5,6,8,8
Sumner,Kansas,6,1,1,4,6
Thomas,Kansas,0,0,0,0,0
Trego,Kansas,0,0,0,0,9
Wabaunsee,Kansas,0,5,6,8,8
Wallace,Kansas,0,0,0,0,0
Washington,Kansas,0,0,0,0,0
Wichita,Kansas,0,0,0,0,0
Wilson,Kansas,0,0,0,10,10
Woodson,Kansas,4,5,6,9,8
Wyandotte,Kansas,1,3,2,7,3
Adair,Kentucky,0,6,4,7,3
Allen,Kentucky,4,2,4,6,6
Anderson,Kentucky,1,1,2,2,6
Ballard,Kentucky,0,5,5,8,8
Barren,Kentucky,0,5,4,7,6
Bath,Kentucky,0,2,3,4,2
Bell,Kentucky,0,0,0,0,8
Boone,Kentucky,1,1,2,7,6
Bourbon,Kentucky,1,3,2,2,2
Boyd,Kentucky,0,6,3,4,2
Boyle,Kentucky,0,5,5,8,8
Bracken,Kentucky,0,5,5,8,8
Breathitt,Kentucky,4,5,6,8,4
Breckinridge,Kentucky,0,5,4,7,6
Bullitt,Kentucky,0,1,2,7,6
Butler,Kentucky,0,3,4,7,6
Caldwell,Kentucky,0,5,6,9,8
Calloway,Kentucky,2,3,2,4,3
Campbell,Kentucky,2,3,2,4,3
Carlisle,Kentucky,0,0,3,6,5
Carroll,Kentucky,0,7,6,8,8
Carter,Kentucky,0,5,5,8,8
Casey,Kentucky,0,0,5,8,8
Christian,Kentucky,2,6,2,2,3
Clark,Kentucky,4,5,5,8,5
Clay,Kentucky,0,0,6,1,6
Clinton,Kentucky,0,5,9,8,8
Crittenden,Kentucky,0,6,1,3,3
Cumberland,Kentucky,0,5,5,10,9
Daviess,Kentucky,2,3,3,7,3
Edmonson,Kentucky,0,2,4,7,6
Elliott,Kentucky,0,0,0,0,8
Estill,Kentucky,0,0,0,0,0
Fayette,Kentucky,3,1,1,2,3
Fleming,Kentucky,0,0,5,8,4
Floyd,Kentucky,0,0,5,8,4
Franklin,Kentucky,4,5,6,1,5
Fulton,Kentucky,0,0,6,8,8
Gallatin,Kentucky,0,0,4,1,5
Garrard,Kentucky,0,0,6,8,8
Grant,Kentucky,0,1,2,4,6
Graves,Kentucky,0,2,4,7,3
Grayson,Kentucky,0,2,4,7,5
Green,Kentucky,0,5,8,8,5
Greenup,Kentucky,0,5,6,8,4
Hancock,Kentucky,0,5,5,8,8
Hardin,Kentucky,4,6,4,7,6
Harlan,Kentucky,0,0,0,8,5
Harrison,Kentucky,4,5,5,8,4
Hart,Kentucky,0,5,6,8,8
Henderson,Kentucky,2,6,3,6,3
Henry,Kentucky,0,5,5,7,5
Hickman,Kentucky,0,0,6,8,10
Hopkins,Kentucky,0,4,4,7,3
Jackson,Kentucky,0,6,4,3,2
Jefferson,Kentucky,1,3,2,4,6
Jessamine,Kentucky,4,5,6,8,8
Johnson,Kentucky,0,5,6,8,4
Kenton,Kentucky,1,1,2,7,6
Knott,Kentucky,0,0,5,9,4
Knox,Kentucky,0,0,5,8,4
Larue,Kentucky,0,5,5,1,5
Laurel,Kentucky,2,4,3,2,2
Lawrence,Kentucky,0,5,5,8,4
Lee,Kentucky,0,0,0,0,0
Leslie,Kentucky,0,5,5,8,8
Letcher,Kentucky,0,5,6,8,8
Lewis,Kentucky,0,5,6,8,8
Lincoln,Kentucky,0,0,3,2,2
Livingston,Kentucky,0,0,6,8,8
Logan,Kentucky,4,2,3,7,5
Lyon,Kentucky,6,6,3,2,3
McCracken,Kentucky,2,1,2,4,3
McCreary,Kentucky,0,5,5,8,4
McLean,Kentucky,0,1,2,7,6
Madison,Kentucky,2,3,1,2,2
Magoffin,Kentucky,0,0,0,0,8
Marion,Kentucky,0,5,6,8,4
Marshall,Kentucky,0,6,4,2,2
Martin,Kentucky,4,5,5,10,8
Mason,Kentucky,0,5,5,8,8
Meade,Kentucky,0,1,2,7,6
Menifee,Kentucky,4,7,5,8,8
Mercer,Kentucky,0,5,6,8,8
Metcalfe,Kentucky,0,0,0,7,5
Monroe,Kentucky,0,5,5,8,5
Montgomery,Kentucky,4,5,6,8,8
Morgan,Kentucky,0,0,8,8,8
Muhlenberg,Kentucky,2,1,2,7,6
Nelson,Kentucky,4,5,4,7,6
Nicholas,Kentucky,0,8,9,8,8
Ohio,Kentucky,0,5,6,8,7
Oldham,Kentucky,4,5,4,1,6
Owen,Kentucky,0,0,0,8,8
Owsley,Kentucky,0,0,6,10,10
Pendleton,Kentucky,0,5,6,8,8
Perry,Kentucky,0,5,5,8,5
Pike,Kentucky,0,1,2,2,2
Powell,Kentucky,0,5,8,8,4
Pulaski,Kentucky,2,4,2,2,3
Robertson,Kentucky,0,0,0,0,0
Rockcastle,Kentucky,0,5,6,8,8
Rowan,Kentucky,0,0,6,8,8
Russell,Kentucky,0,6,4,2,3
Scott,Kentucky,4,5,6,8,4
Shelby,Kentucky,0,1,1,2,3
Simpson,Kentucky,2,3,2,6,3
Spencer,Kentucky,4,5,5,8,8
Taylor,Kentucky,0,5,4,1,6
Todd,Kentucky,0,5,5,8,8
Trigg,Kentucky,0,0,6,8,4
Trimble,Kentucky,0,0,6,8,4
Union,Kentucky,0,5,6,8,4
Warren,Kentucky,4,2,4,7,6
Washington,Kentucky,0,5,6,8,4
Wayne,Kentucky,0,5,6,8,8
Webster,Kentucky,4,5,6,8,8
Whitley,Kentucky,0,5,5,8,4
Wolfe,Kentucky,0,0,0,0,8
Woodford,Kentucky,0,2,5,8,8
Acadia,Louisiana,2,3,1,3,3
Allen,Louisiana,2,6,1,3,3
Ascension,Louisiana,2,4,3,7,3
Assumption,Louisiana,6,6,4,7,3
Avoyelles,Louisiana,6,6,1,2,2
Beauregard,Louisiana,6,6,2,2,3
Bienville,Louisiana,1,6,2,3,6
Bossier,Louisiana,2,6,2,4,2
Caddo,Louisiana,2,6,2,6,6
Calcasieu,Louisiana,2,6,3,4,2
Caldwell,Louisiana,0,5,6,7,1
Cameron,Louisiana,0,5,6,8,8
Catahoula,Louisiana,1,1,2,7,2
Claiborne,Louisiana,2,6,4,2,2
Concordia,Louisiana,0,3,2,3,6
De Soto,Louisiana,2,4,3,7,3
East Baton Rouge,Louisiana,2,4,2,7,3
East Carroll,Louisiana,0,5,6,8,5
East Feliciana,Louisiana,2,6,3,7,3
Evangeline,Louisiana,6,6,4,7,2
Franklin,Louisiana,0,3,2,7,6
Grant,Louisiana,4,6,4,3,3
Iberia,Louisiana,2,4,3,7,2
Iberville,Louisiana,1,4,3,7,3
Jackson,Louisiana,2,2,3,4,3
Jefferson,Louisiana,2,6,3,4,3
Jefferson Davis,Louisiana,2,6,3,2,2
Lafayette,Louisiana,2,6,2,2,2
Lafourche,Louisiana,2,6,3,4,3
LaSalle,Louisiana,0,5,4,6,2
Lincoln,Louisiana,2,6,3,2,3
Livingston,Louisiana,2,4,2,4,2
Madison,Louisiana,4,5,6,1,1
Morehouse,Louisiana,2,3,2,2,3
Natchitoches,Louisiana,2,6,3,6,3
Orleans,Louisiana,2,6,3,7,3
Ouachita,Louisiana,1,6,2,4,3
Plaquemines,Louisiana,2,6,3,4,3
Pointe Coupee,Louisiana,2,4,3,7,6
Rapides,Louisiana,1,3,1,4,6
Red River,Louisiana,0,3,2,7,6
Richland,Louisiana,4,2,4,7,6
Sabine,Louisiana,0,3,1,2,6
St. Bernard,Louisiana,2,6,4,7,3
St. Charles,Louisiana,2,6,4,7,3
St. Helena,Louisiana,0,4,2,4,3
St. James,Louisiana,1,6,3,7,3
St. John the Baptist,Louisiana,2,6,4,7,3
St. Landry,Louisiana,2,6,3,2,2
St. Martin,Louisiana,1,6,3,2,2
St. Mary,Louisiana,6,6,3,7,3
St. Tammany,Louisiana,2,6,3,7,3
Tangipahoa,Louisiana,2,6,2,4,3
Tensas,Louisiana,0,5,5,8,8
Terrebonne,Louisiana,2,4,3,7,3
Union,Louisiana,2,1,2,4,6
Vermilion,Louisiana,1,4,3,2,2
Vernon,Louisiana,6,6,2,2,2
Washington,Louisiana,1,4,3,4,3
Webster,Louisiana,1,4,2,2,3
West Baton Rouge,Louisiana,2,4,3,4,3
West Carroll,Louisiana,0,5,6,1,5
West Feliciana,Louisiana,0,6,4,7,6
Winn,Louisiana,1,1,1,2,6
Androscoggin,Maine,2,1,1,2,6
Aroostook,Maine,0,5,4,7,2
Cumberland,Maine,2,3,2,6,6
Franklin,Maine,2,6,4,7,6
Hancock,Maine,0,6,4,3,3
Kennebec,Maine,2,6,3,7,6
Knox,Maine,4,5,6,7,1
Lincoln,Maine,4,5,6,8,8
Oxford,Maine,4,5,6,8,4
Penobscot,Maine,4,6,4,7,6
Piscataquis,Maine,0,0,9,10,8
Sagadahoc,Maine,6,1,6,8,8
Somerset,Maine,0,5,6,8,8
Waldo,Maine,6,6,4,2,6
Washington,Maine,0,5,5,8,8
York,Maine,2,4,2,6,6
Allegany,Maryland,0,2,4,7,6
Anne Arundel,Maryland,2,3,2,6,6
Baltimore,Maryland,1,4,3,7,6
Calvert,Maryland,2,4,2,7,6
Caroline,Maryland,4,5,4,7,5
Carroll,Maryland,2,3,2,7,6
Cecil,Maryland,2,3,3,7,6
Charles,Maryland,2,4,2,7,6
Dorchester,Maryland,0,1,2,7,6
Frederick,Maryland,2,3,2,6,6
Garrett,Maryland,4,5,6,8,5
Harford,Maryland,2,2,3,7,6
Howard,Maryland,2,3,2,7,6
Kent,Maryland,2,2,3,7,5
Montgomery,Maryland,2,3,2,7,6
Prince George's,Maryland,1,3,2,7,6
Queen Anne's,Maryland,2,3,2,4,6
St. Mary's,Maryland,2,3,2,7,5
Somerset,Maryland,1,1,4,7,5
Talbot,Maryland,2,1,1,7,6
Washington,Maryland,2,4,2,7,6
Wicomico,Maryland,1,1,3,7,6
Worcester,Maryland,2,2,3,7,6
Baltimore City,Maryland,2,3,2,6,6
Barnstable,Massachusetts,2,4,3,7,6
Berkshire,Massachusetts,2,6,3,7,6
Bristol,Massachusetts,2,3,3,7,5
Dukes,Massachusetts,0,0,0,0,0
Essex,Massachusetts,2,4,3,7,6
Franklin,Massachusetts,3,3,3,7,6
Hampden,Massachusetts,2,4,3,7,6
Hampshire,Massachusetts,2,4,4,7,6
Middlesex,Massachusetts,2,4,4,7,6
Nantucket,Massachusetts,0,0,0,0,0
Norfolk,Massachusetts,2,4,4,7,6
Plymouth,Massachusetts,2,4,3,7,5
Suffolk,Massachusetts,2,6,4,7,6
Worcester,Massachusetts,2,3,3,7,5
Alcona,Michigan,0,0,2,3,6
Alger,Michigan,0,0,0,0,0
Allegan,Michigan,2,2,4,7,6
Alpena,Michigan,0,2,4,7,6
Antrim,Michigan,4,5,7,8,8
Arenac,Michigan,0,2,4,7,5
Baraga,Michigan,0,0,0,9,8
Barry,Michigan,2,3,3,7,6
Bay,Michigan,2,4,3,7,5
Benzie,Michigan,0,0,6,8,4
Berrien,Michigan,2,3,3,7,6
Branch,Michigan,0,3,1,2,3
Calhoun,Michigan,2,4,3,6,6
Cass,Michigan,2,1,2,6,6
Charlevoix,Michigan,2,6,2,4,6
Cheboygan,Michigan,2,4,3,7,5
Chippewa,Michigan,0,1,6,8,8
Clare,Michigan,2,4,2,3,6
Clinton,Michigan,6,6,2,7,6
Crawford,Michigan,0,2,4,4,3
Delta,Michigan,0,6,2,6,6
Dickinson,Michigan,0,4,2,4,6
Eaton,Michigan,2,3,2,7,3
Emmet,Michigan,2,2,1,3,6
Genesee,Michigan,2,6,3,7,6
Gladwin,Michigan,2,6,4,3,2
Gogebic,Michigan,0,6,1,5,3
Grand Traverse,Michigan,6,6,1,2,3
Gratiot,Michigan,0,2,2,7,5
Hillsdale,Michigan,2,4,3,7,6
Houghton,Michigan,0,5,6,8,8
Huron,Michigan,0,2,3,7,6
Ingham,Michigan,2,4,3,7,3
Ionia,Michigan,1,1,2,7,6
Iosco,Michigan,1,1,2,6,5
Iron,Michigan,0,0,0,0,0
Isabella,Michigan,2,6,2,4,3
Jackson,Michigan,2,4,4,7,6
Kalamazoo,Michigan,1,1,3,7,6
Kalkaska,Michigan,2,2,4,7,3
Kent,Michigan,1,1,2,7,6
Keweenaw,Michigan,0,0,0,0,0
Lake,Michigan,0,5,6,8,8
Lapeer,Michigan,2,6,3,7,3
Leelanau,Michigan,4,5,6,8,8
Lenawee,Michigan,6,6,4,7,6
Livingston,Michigan,1,6,4,7,3
Luce,Michigan,0,7,5,8,8
Mackinac,Michigan,0,5,5,9,8
Macomb,Michigan,2,6,4,7,6
Manistee,Michigan,6,6,4,11,2
Marquette,Michigan,2,6,4,7,6
Mason,Michigan,0,5,5,8,4
Mecosta,Michigan,1,3,3,7,6
Menominee,Michigan,0,5,6,8,4
Midland,Michigan,2,6,4,2,6
Missaukee,Michigan,1,1,3,4,2
Monroe,Michigan,2,4,3,7,6
Montcalm,Michigan,2,3,2,7,6
Montmorency,Michigan,0,0,5,10,10
Muskegon,Michigan,1,1,2,7,6
Newaygo,Michigan,4,5,6,8,4
Oakland,Michigan,2,6,3,7,6
Oceana,Michigan,1,1,1,6,2
Ogemaw,Michigan,4,5,4,7,5
Ontonagon,Michigan,0,0,0,0,0
Osceola,Michigan,0,5,6,8,8
Oscoda,Michigan,0,6,4,7,2
Otsego,Michigan,2,4,4,7,6
Ottawa,Michigan,2,3,2,7,6
Presque Isle,Michigan,0,5,5,8,9
Roscommon,Michigan,4,5,6,8,8
Saginaw,Michigan,2,4,3,7,6
St. Clair,Michigan,2,6,3,7,6
St. Joseph,Michigan,0,1,1,4,3
Sanilac,Michigan,2,6,4,7,3
Schoolcraft,Michigan,0,5,9,9,10
Shiawassee,Michigan,2,6,4,7,6
Tuscola,Michigan,1,3,3,7,6
Van Buren,Michigan,1,1,2,7,6
Washtenaw,Michigan,2,6,4,7,6
Wayne,Michigan,2,6,3,7,6
Wexford,Michigan,6,6,3,2,2
Aitkin,Minnesota,0,0,6,8,8
Anoka,Minnesota,2,2,2,7,6
Becker,Minnesota,0,0,6,8,8
Beltrami,Minnesota,0,5,6,8,8
Benton,Minnesota,4,2,3,7,5
Big Stone,Minnesota,4,9,6,8,8
Blue Earth,Minnesota,4,5,4,7,3
Brown,Minnesota,0,6,1,3,2
Carlton,Minnesota,0,5,6,8,8
Carver,Minnesota,4,2,3,7,3
Cass,Minnesota,4,6,3,7,6
Chippewa,Minnesota,0,0,4,7,6
Chisago,Minnesota,5,1,1,2,6
Clay,Minnesota,2,2,2,7,6
Clearwater,Minnesota,0,5,6,8,8
Cook,Minnesota,0,0,0,0,0
Cottonwood,Minnesota,0,5,6,8,4
Crow Wing,Minnesota,0,6,1,7,5
Dakota,Minnesota,2,1,1,6,6
Dodge,Minnesota,4,5,6,8,4
Douglas,Minnesota,0,5,6,8,8
Faribault,Minnesota,0,5,6,8,8
Fillmore,Minnesota,6,3,3,4,2
Freeborn,Minnesota,0,5,6,8,4
Goodhue,Minnesota,4,5,4,7,6
Grant,Minnesota,0,0,0,8,7
Hennepin,Minnesota,2,1,2,4,6
Houston,Minnesota,0,5,9,8,4
Hubbard,Minnesota,0,0,0,0,8
Isanti,Minnesota,0,5,6,8,8
Itasca,Minnesota,0,2,4,7,6
Jackson,Minnesota,4,5,6,8,8
Kanabec,Minnesota,0,0,0,7,6
Kandiyohi,Minnesota,2,2,3,7,6
Kittson,Minnesota,0,0,9,10,9
Koochiching,Minnesota,0,5,6,8,5
Lac qui Parle,Minnesota,0,9,5,8,8
Lake,Minnesota,0,0,0,9,4
Lake of the Woods,Minnesota,0,0,0,0,0
Le Sueur,Minnesota,4,6,4,7,3
Lincoln,Minnesota,0,5,5,8,8
Lyon,Minnesota,0,5,6,1,1
McLeod,Minnesota,0,5,6,8,8
Mahnomen,Minnesota,0,2,3,7,3
Marshall,Minnesota,0,0,6,8,8
Martin,Minnesota,1,1,3,7,6
Meeker,Minnesota,0,5,5,7,5
Mille Lacs,Minnesota,0,0,1,2,6
Morrison,Minnesota,0,0,6,7,5
Mower,Minnesota,4,5,4,6,6
Murray,Minnesota,0,5,5,8,8
Nicollet,Minnesota,2,1,1,7,6
Nobles,Minnesota,0,2,3,7,5
Norman,Minnesota,0,0,5,8,8
Olmsted,Minnesota,2,3,2,4,3
Otter Tail,Minnesota,0,5,6,7,5
Pennington,Minnesota,0,0,6,8,8
Pine,Minnesota,0,5,6,8,8
Pipestone,Minnesota,0,5,6,8,5
Polk,Minnesota,0,6,4,7,3
Pope,Minnesota,0,0,0,8,4
Ramsey,Minnesota,1,1,1,4,6
Red Lake,Minnesota,0,0,5,8,8
Redwood,Minnesota,0,5,6,8,8
Renville,Minnesota,4,5,5,8,5
Rice,Minnesota,2,1,1,2,6
Rock,Minnesota,0,0,6,8,8
Roseau,Minnesota,0,9,5,8,8
St. Louis,Minnesota,2,4,2,7,3
Scott,Minnesota,1,1,1,4,6
Sherburne,Minnesota,4,2,3,7,5
Sibley,Minnesota,4,5,6,7,6
Stearns,Minnesota,4,2,4,7,6
Steele,Minnesota,4,5,6,8,4
Stevens,Minnesota,0,0,0,0,8
Swift,Minnesota,0,5,6,7,5
Todd,Minnesota,0,0,6,7,5
Traverse,Minnesota,0,5,9,8,8
Wabasha,Minnesota,4,5,6,8,8
Wadena,Minnesota,0,0,0,8,8
Waseca,Minnesota,4,5,6,8,4
Washington,Minnesota,2,3,1,4,6
Watonwan,Minnesota,0,5,6,8,4
Wilkin,Minnesota,2,6,4,2,2
Winona,Minnesota,2,6,4,7,2
Wright,Minnesota,2,1,1,3,6
Yellow Medicine,Minnesota,0,5,6,8,8
Adams,Mississippi,2,6,3,7,3
Alcorn,Mississippi,0,6,2,2,2
Amite,Mississippi,0,1,1,7,6
Attala,Mississippi,4,2,4,7,5
Benton,Mississippi,4,5,6,8,8
Bolivar,Mississippi,2,6,2,4,3
Calhoun,Mississippi,2,6,4,2,2
Carroll,Mississippi,0,1,3,7,3
Chickasaw,Mississippi,2,3,3,4,3
Choctaw,Mississippi,2,3,1,2,6
Claiborne,Mississippi,0,5,3,1,6
Clarke,Mississippi,0,3,3,7,6
Clay,Mississippi,2,3,2,2,3
Coahoma,Mississippi,2,4,2,3,6
Copiah,Mississippi,2,1,2,7,6
Covington,Mississippi,0,6,4,7,6
DeSoto,Mississippi,2,4,2,4,3
Forrest,Mississippi,2,3,2,7,6
Franklin,Mississippi,6,6,3,7,6
George,Mississippi,2,4,1,2,3
Greene,Mississippi,0,6,1,2,3
Grenada,Mississippi,4,2,3,2,2
Hancock,Mississippi,1,4,3,7,3
Harrison,Mississippi,2,4,2,2,2
Hinds,Mississippi,2,4,3,6,3
Holmes,Mississippi,1,1,2,7,6
Humphreys,Mississippi,1,1,2,4,3
Issaquena,Mississippi,0,0,0,0,0
Itawamba,Mississippi,2,2,4,7,3
Jackson,Mississippi,2,6,4,2,2
Jasper,Mississippi,0,1,2,7,6
Jefferson,Mississippi,0,5,4,7,6
Jefferson Davis,Mississippi,0,1,2,7,6
Jones,Mississippi,2,2,3,7,6
Kemper,Mississippi,0,2,3,7,6
Lafayette,Mississippi,2,3,2,2,2
Lamar,Mississippi,2,3,2,7,3
Lauderdale,Mississippi,2,3,2,7,6
Lawrence,Mississippi,4,5,4,7,6
Leake,Mississippi,2,3,4,7,6
Lee,Mississippi,2,4,1,2,3
Leflore,Mississippi,2,3,3,4,3
Lincoln,Mississippi,2,4,3,7,3
Lowndes,Mississippi,2,3,2,4,3
Madison,Mississippi,2,3,2,7,3
Marion,Mississippi,2,6,3,4,2
Marshall,Mississippi,2,3,2,4,2
Monroe,Mississippi,2,3,4,7,3
Montgomery,Mississippi,1,1,1,7,3
Neshoba,Mississippi,0,3,3,7,6
Newton,Mississippi,4,2,4,7,5
Noxubee,Mississippi,4,2,4,7,6
Oktibbeha,Mississippi,6,3,1,3,3
Panola,Mississippi,2,3,2,2,2
Pearl River,Mississippi,2,6,4,7,6
Perry,Mississippi,1,3,2,7,6
Pike,Mississippi,2,6,4,4,2
Pontotoc,Mississippi,6,6,1,2,2
Prentiss,Mississippi,6,6,4,3,3
Quitman,Mississippi,4,5,6,8,7
Rankin,Mississippi,3,3,2,4,3
Scott,Mississippi,4,6,4,7,6
Sharkey,Mississippi,0,5,5,8,4
Simpson,Mississippi,4,5,5,7,1
Smith,Mississippi,2,4,3,7,6
Stone,Mississippi,0,5,6,8,5
Sunflower,Mississippi,2,4,2,2,2
Tallahatchie,Mississippi,2,3,2,2,2
Tate,Mississippi,4,5,3,6,3
Tippah,Mississippi,2,4,3,2,3
Tishomingo,Mississippi,0,5,6,8,5
Tunica,Mississippi,1,3,3,4,3
Union,Mississippi,2,1,2,7,3
Walthall,Mississippi,7,5,6,1,5
Warren,Mississippi,0,1,2,7,3
Washington,Mississippi,2,6,1,3,3
Wayne,Mississippi,0,5,4,1,5
Webster,Mississippi,2,3,1,3,5
Wilkinson,Mississippi,3,6,3,7,6
Winston,Mississippi,4,5,4,7,6
Yalobusha,Mississippi,4,5,4,7,6
Yazoo,Mississippi,1,3,2,4,6
Adair,Missouri,4,5,6,8,8
Andrew,Missouri,0,5,6,8,8
Atchison,Missouri,4,9,9,9,9
Audrain,Missouri,0,0,6,7,5
Barry,Missouri,0,5,6,8,4
Barton,Missouri,0,0,0,0,0
Bates,Missouri,6,6,1,2,6
Benton,Missouri,4,5,6,8,8
Bollinger,Missouri,4,5,6,8,8
Boone,Missouri,1,6,1,2,3
Buchanan,Missouri,0,1,1,7,6
Butler,Missouri,0,5,6,8,4
Caldwell,Missouri,0,5,6,8,8
Callaway,Missouri,6,6,1,2,3
Camden,Missouri,2,6,4,2,2
Cape Girardeau,Missouri,2,4,2,2,3
Carroll,Missouri,0,0,6,8,8
Carter,Missouri,6,6,1,6,6
Cass,Missouri,2,6,2,3,3
Cedar,Missouri,0,5,6,8,10
Chariton,Missouri,0,5,6,8,10
Christian,Missouri,4,5,5,8,4
Clark,Missouri,0,7,8,8,8
Clay,Missouri,2,3,1,2,6
Clinton,Missouri,4,5,6,8,8
Cole,Missouri,2,4,3,7,2
Cooper,Missouri,4,5,6,9,4
Crawford,Missouri,0,5,6,8,8
Dade,Missouri,0,0,0,0,0
Dallas,Missouri,0,5,9,8,5
Daviess,Missouri,0,0,5,8,8
DeKalb,Missouri,0,5,5,8,8
Dent,Missouri,0,0,0,0,0
Douglas,Missouri,0,0,0,0,0
Dunklin,Missouri,6,6,1,2,3
Franklin,Missouri,2,6,4,4,3
Gasconade,Missouri,0,5,6,8,4
Gentry,Missouri,0,9,5,7,5
Greene,Missouri,2,4,1,2,3
Grundy,Missouri,0,0,0,0,0
Harrison,Missouri,0,5,6,8,8
Henry,Missouri,1,1,2,3,3
Hickory,Missouri,0,0,0,0,0
Holt,Missouri,0,0,5,8,8
Howard,Missouri,0,5,9,9,9
Howell,Missouri,0,5,5,8,4
Iron,Missouri,0,5,9,8,8
Jackson,Missouri,1,4,2,2,3
Jasper,Missouri,4,5,6,8,5
Jefferson,Missouri,2,6,4,7,3
Johnson,Missouri,4,5,5,8,4
Knox,Missouri,0,0,0,0,0
Laclede,Missouri,0,0,0,8,4
Lafayette,Missouri,2,1,3,7,6
Lawrence,Missouri,0,0,0,8,5
Lewis,Missouri,0,0,4,5,9
Lincoln,Missouri,2,3,2,7,5
Linn,Missouri,0,6,1,2,3
Livingston,Missouri,0,5,6,8,8
McDonald,Missouri,4,5,6,8,5
Macon,Missouri,0,5,6,8,4
Madison,Missouri,0,5,5,8,8
Maries,Missouri,0,7,8,10,4
Marion,Missouri,0,0,5,8,8
Mercer,Missouri,0,0,0,0,0
Miller,Missouri,0,0,5,8,4
Mississippi,Missouri,0,0,6,8,8
Moniteau,Missouri,4,5,6,1,5
Monroe,Missouri,0,0,0,0,0
Montgomery,Missouri,4,5,5,8,8
Morgan,Missouri,0,5,6,8,8
New Madrid,Missouri,0,5,6,1,5
Newton,Missouri,6,6,2,2,2
Nodaway,Missouri,0,5,5,8,8
Oregon,Missouri,0,5,9,8,8
Osage,Missouri,0,5,9,8,8
Ozark,Missouri,0,0,0,0,0
Pemiscot,Missouri,2,2,3,7,6
Perry,Missouri,4,5,6,8,4
Pettis,Missouri,0,2,4,7,2
Phelps,Missouri,0,5,6,8,4
Pike,Missouri,0,6,3,6,3
Platte,Missouri,4,5,5,7,5
Polk,Missouri,0,9,6,8,8
Pulaski,Missouri,2,2,4,2,6
Putnam,Missouri,0,0,0,0,0
Ralls,Missouri,8,7,5,8,4
Randolph,Missouri,4,5,5,8,8
Ray,Missouri,0,5,5,8,8
Reynolds,Missouri,0,8,8,10,8
Ripley,Missouri,0,5,5,8,8
St. Charles,Missouri,3,6,3,4,3
St. Clair,Missouri,0,9,9,8,8
Ste. Genevieve,Missouri,0,6,1,2,3
St. Francois,Missouri,2,6,3,4,2
St. Louis,Missouri,2,4,3,7,3
Saline,Missouri,0,5,4,7,5
Schuyler,Missouri,0,0,0,0,0
Scotland,Missouri,0,5,5,1,5
Scott,Missouri,6,6,4,4,6
Shannon,Missouri,0,0,0,0,0
Shelby,Missouri,8,8,8,10,8
Stoddard,Missouri,4,5,6,7,5
Stone,Missouri,0,5,9,8,8
Sullivan,Missouri,0,0,0,8,8
Taney,Missouri,2,6,3,2,2
Texas,Missouri,0,0,0,0,0
Vernon,Missouri,0,5,7,8,8
Warren,Missouri,0,5,5,8,4
Washington,Missouri,0,6,4,3,2
Wayne,Missouri,0,0,0,0,0
Webster,Missouri,0,5,5,8,5
Worth,Missouri,0,9,6,8,8
Wright,Missouri,0,5,6,8,8
St. Louis City,Missouri,2,4,3,7,6
Beaverhead,Montana,0,7,8,10,10
Big Horn,Montana,0,5,6,1,5
Blaine,Montana,0,0,0,0,0
Broadwater,Montana,4,7,8,10,9
Carbon,Montana,0,5,8,10,4
Carter,Montana,0,0,0,0,0
Cascade,Montana,6,6,3,2,2
Chouteau,Montana,0,0,0,0,0
Custer,Montana,0,0,0,0,0
Daniels,Montana,0,0,0,0,0
Dawson,Montana,0,0,0,0,0
Deer Lodge,Montana,0,5,8,10,9
Fallon,Montana,0,0,0,0,0
Fergus,Montana,0,0,0,0,0
Flathead,Montana,6,6,4,2,2
Gallatin,Montana,6,6,4,2,2
Garfield,Montana,0,0,0,0,0
Glacier,Montana,0,5,9,10,4
Golden Valley,Montana,0,5,0,10,10
Granite,Montana,0,0,0,0,0
Hill,Montana,8,8,8,10,10
Jefferson,Montana,4,7,9,9,9
Judith Basin,Montana,0,0,0,0,0
Lake,Montana,0,5,8,8,8
Lewis and Clark,Montana,4,5,8,8,8
Liberty,Montana,0,7,8,10,10
Lincoln,Montana,2,6,0,11,2
McCone,Montana,0,0,0,0,0
Madison,Montana,2,6,0,11,9
Meagher,Montana,8,8,8,10,9
Mineral,Montana,0,0,0,0,0
Missoula,Montana,2,6,4,3,2
Musselshell,Montana,0,5,6,10,10
Park,Montana,0,5,9,9,8
Petroleum,Montana,0,0,0,0,0
Phillips,Montana,0,0,0,0,0
Pondera,Montana,0,0,5,10,10
Powder River,Montana,0,0,0,0,0
Powell,Montana,0,0,0,0,0
Prairie,Montana,0,0,0,0,0
Ravalli,Montana,4,5,6,8,8
Richland,Montana,0,5,8,10,8
Roosevelt,Montana,4,5,5,10,8
Rosebud,Montana,0,0,0,0,0
Sanders,Montana,0,0,0,0,0
Sheridan,Montana,0,0,0,0,0
Silver Bow,Montana,4,5,8,10,8
Stillwater,Montana,0,9,8,8,8
Sweet Grass,Montana,0,0,0,0,0
Teton,Montana,0,0,0,0,0
Toole,Montana,2,6,4,11,2
Treasure,Montana,0,0,0,0,0
Valley,Montana,0,0,0,0,0
Wheatland,Montana,0,0,9,10,10
Wibaux,Montana,0,0,0,0,0
Yellowstone,Montana,6,6,3,4,2
Adams,Nebraska,2,6,4,7,6
Antelope,Nebraska,0,5,6,8,5
Arthur,Nebraska,0,0,0,0,0
Banner,Nebraska,0,0,0,0,0
Blaine,Nebraska,0,0,0,0,0
Boone,Nebraska,0,0,0,8,4
Box Butte,Nebraska,0,9,9,8,8
Boyd,Nebraska,0,0,0,0,0
Brown,Nebraska,0,0,0,0,0
Buffalo,Nebraska,1,1,2,7,6
Burt,Nebraska,0,5,6,8,8
Butler,Nebraska,0,0,6,8,4
Cass,Nebraska,4,5,6,8,5
Cedar,Nebraska,0,0,0,8,8
Chase,Nebraska,0,0,0,0,9
Cherry,Nebraska,0,7,8,10,10
Cheyenne,Nebraska,0,5,6,8,8
Clay,Nebraska,0,5,5,8,4
Colfax,Nebraska,0,5,4,7,5
Cuming,Nebraska,0,5,5,8,8
Custer,Nebraska,0,6,3,7,3
Dakota,Nebraska,0,0,4,7,5
Dawes,Nebraska,0,0,0,8,8
Dawson,Nebraska,0,5,4,7,5
Deuel,Nebraska,0,0,0,0,0
Dixon,Nebraska,0,0,6,7,5
Dodge,Nebraska,0,5,4,7,5
Douglas,Nebraska,1,1,1,4,6
Dundy,Nebraska,0,0,0,0,0
Fillmore,Nebraska,0,0,6,7,1
Franklin,Nebraska,0,5,6,8,8
Frontier,Nebraska,0,0,0,9,10
Furnas,Nebraska,0,0,6,7,5
Gage,Nebraska,0,4,3,7,3
Garden,Nebraska,0,0,0,0,0
Garfield,Nebraska,0,0,0,0,0
Gosper,Nebraska,0,5,6,8,10
Grant,Nebraska,0,0,0,0,0
Greeley,Nebraska,0,0,5,8,8
Hall,Nebraska,0,1,4,7,6
Hamilton,Nebraska,0,6,4,7,6
Harlan,Nebraska,0,0,0,0,0
Hayes,Nebraska,0,0,0,0,0
Hitchcock,Nebraska,0,0,0,9,10
Holt,Nebraska,0,0,0,9,4
Hooker,Nebraska,0,0,0,0,0
Howard,Nebraska,0,0,6,7,5
Jefferson,Nebraska,0,0,6,8,8
Johnson,Nebraska,0,5,5,8,8
Kearney,Nebraska,0,5,6,8,8
Keith,Nebraska,0,0,0,8,8
Keya Paha,Nebraska,0,0,0,0,0
Kimball,Nebraska,0,5,9,9,8
Knox,Nebraska,8,5,7,8,8
Lancaster,Nebraska,1,1,1,7,6
Lincoln,Nebraska,2,1,2,7,6
Logan,Nebraska,0,0,0,0,0
Loup,Nebraska,0,0,0,0,0
McPherson,Nebraska,0,0,0,0,0
Madison,Nebraska,1,1,1,7,6
Merrick,Nebraska,0,5,5,8,8
Morrill,Nebraska,0,0,5,8,4
Nance,Nebraska,0,0,5,8,8
Nemaha,Nebraska,8,7,5,8,8
Nuckolls,Nebraska,0,0,0,0,9
Otoe,Nebraska,0,5,6,8,4
Pawnee,Nebraska,0,0,0,0,0
Perkins,Nebraska,0,0,0,0,0
Phelps,Nebraska,0,5,5,8,4
Pierce,Nebraska,0,5,5,8,8
Platte,Nebraska,0,5,4,7,5
Polk,Nebraska,0,5,6,8,8
Red Willow,Nebraska,0,0,6,8,9
Richardson,Nebraska,0,0,0,0,5
Rock,Nebraska,0,0,0,0,0
Saline,Nebraska,0,0,4,7,5
Sarpy,Nebraska,4,2,4,7,6
Saunders,Nebraska,4,5,4,7,6
Scotts Bluff,Nebraska,0,5,6,1,5
Seward,Nebraska,0,2,2,7,6
Sheridan,Nebraska,0,0,0,0,0
Sherman,Nebraska,0,0,6,8,8
Sioux,Nebraska,0,0,0,0,0
Stanton,Nebraska,0,5,6,8,8
Thayer,Nebraska,0,0,0,0,0
Thomas,Nebraska,0,0,0,9,10
Thurston,Nebraska,0,0,6,7,5
Valley,Nebraska,0,0,0,8,8
Washington,Nebraska,6,6,2,2,3
Wayne,Nebraska,0,5,5,8,7
Webster,Nebraska,0,5,6,8,9
Wheeler,Nebraska,0,0,0,0,0
York,Nebraska,0,5,6,8,8
Churchill,Nevada,0,0,4,7,6
Clark,Nevada,3,4,2,4,2
Douglas,Nevada,4,5,5,8,8
Elko,Nevada,2,4,2,2,2
Esmeralda,Nevada,0,0,0,0,0
Eureka,Nevada,0,0,0,0,0
Humboldt,Nevada,0,3,3,7,6
Lander,Nevada,0,0,5,8,4
Lincoln,Nevada,0,0,0,8,10
Lyon,Nevada,4,5,4,7,6
Mineral,Nevada,0,0,5,10,9
Nye,Nevada,4,5,4,7,3
Pershing,Nevada,0,0,0,0,0
Storey,Nevada,0,0,0,0,2
Washoe,Nevada,2,4,2,4,3
White Pine,Nevada,0,5,9,8,8
Carson City,Nevada,2,6,3,7,6
Belknap,New Hampshire,4,5,6,7,5
Carroll,New Hampshire,4,5,6,8,8
Cheshire,New Hampshire,6,6,4,6,6
Coos,New Hampshire,0,5,6,8,8
Grafton,New Hampshire,4,6,3,7,6
Hillsborough,New Hampshire,1,4,3,7,6
Merrimack,New Hampshire,2,2,4,7,6
Rockingham,New Hampshire,2,6,4,7,6
Strafford,New Hampshire,6,6,4,7,6
Sullivan,New Hampshire,6,6,3,2,3
Atlantic,New Jersey,2,3,3,7,6
Bergen,New Jersey,2,6,4,7,6
Burlington,New Jersey,2,4,3,7,6
Camden,New Jersey,2,3,3,7,6
Cape May,New Jersey,2,4,3,7,6
Cumberland,New Jersey,1,1,3,7,6
Essex,New Jersey,2,6,4,7,6
Gloucester,New Jersey,2,4,3,7,6
Hudson,New Jersey,2,6,4,7,5
Hunterdon,New Jersey,2,6,3,7,5
Mercer,New Jersey,2,4,3,7,6
Middlesex,New Jersey,2,4,4,7,6
Monmouth,New Jersey,2,6,3,7,6
Morris,New Jersey,2,6,4,7,6
Ocean,New Jersey,2,6,4,7,6
Passaic,New Jersey,2,6,4,7,6
Salem,New Jersey,1,1,2,7,5
Somerset,New Jersey,2,4,4,7,6
Sussex,New Jersey,2,6,4,7,6
Union,New Jersey,2,6,4,7,5
Warren,New Jersey,2,6,4,7,6
Bernalillo,New Mexico,2,3,2,7,3
Catron,New Mexico,0,2,3,7,9
Chaves,New Mexico,6,6,2,3,2
Cibola,New Mexico,2,3,2,7,6
Colfax,New Mexico,0,5,6,8,5
Curry,New Mexico,4,5,6,8,4
De Baca,New Mexico,0,0,0,0,0
Dona Ana,New Mexico,2,1,1,4,6
Eddy,New Mexico,1,1,2,2,2
Grant,New Mexico,0,5,6,8,8
Guadalupe,New Mexico,0,0,6,8,8
Harding,New Mexico,0,0,9,10,10
Hidalgo,New Mexico,0,0,0,0,8
Lea,New Mexico,4,5,6,8,4
Lincoln,New Mexico,0,5,5,8,4
Los Alamos,New Mexico,0,5,0,9,8
Luna,New Mexico,0,6,4,2,2
McKinley,New Mexico,1,3,3,7,6
Mora,New Mexico,0,0,0,0,0
Otero,New Mexico,0,2,3,7,6
Quay,New Mexico,0,0,4,11,2
Rio Arriba,New Mexico,4,5,4,7,6
Roosevelt,New Mexico,0,5,5,7,5
Sandoval,New Mexico,2,6,4,7,6
San Juan,New Mexico,2,3,2,7,6
San Miguel,New Mexico,4,5,7,8,8
Santa Fe,New Mexico,4,6,4,6,3
Sierra,New Mexico,0,0,0,8,7
Socorro,New Mexico,2,6,4,7,3
Taos,New Mexico,4,5,6,8,5
Torrance,New Mexico,0,6,3,6,6
Union,New Mexico,0,0,6,8,8
Valencia,New Mexico,0,6,4,7,3
Albany,New York,2,3,3,7,5
Allegany,New York,2,3,1,2,8
Bronx,New York,0,0,0,0,0
Broome,New York,1,3,2,7,6
Cattaraugus,New York,0,5,5,7,5
Cayuga,New York,2,4,1,4,6
Chautauqua,New York,2,3,1,3,6
Chemung,New York,2,4,3,7,6
Chenango,New York,4,5,6,7,5
Clinton,New York,6,4,2,7,5
Columbia,New York,2,1,3,7,6
Cortland,New York,4,5,5,8,8
Delaware,New York,2,6,2,4,6
Dutchess,New York,2,6,4,7,6
Erie,New York,2,4,3,7,6
Essex,New York,4,5,6,8,8
Franklin,New York,4,5,6,8,8
Fulton,New York,4,6,4,7,6
Genesee,New York,1,3,3,7,6
Greene,New York,2,6,4,7,6
Hamilton,New York,4,5,9,8,9
Herkimer,New York,2,1,2,4,3
Jefferson,New York,4,5,6,8,8
Kings,New York,0,0,0,0,0
Lewis,New York,0,5,6,8,4
Livingston,New York,2,3,3,7,6
Madison,New York,2,3,2,7,6
Monroe,New York,5,3,2,7,6
Montgomery,New York,2,3,3,7,6
Nassau,New York,2,6,4,7,6
New York,New York,2,4,4,7,6
Niagara,New York,2,3,2,7,6
Oneida,New York,2,3,2,7,6
Onondaga,New York,2,3,2,7,6
Ontario,New York,6,6,2,3,6
Orange,New York,2,6,4,7,6
Orleans,New York,2,2,3,7,5
Oswego,New York,2,4,2,4,3
Otsego,New York,2,6,3,2,6
Putnam,New York,2,3,4,7,6
Queens,New York,0,0,0,0,0
Rensselaer,New York,2,3,3,7,6
Richmond,New York,0,0,0,0,0
Rockland,New York,2,6,4,7,6
St. Lawrence,New York,4,6,4,7,6
Saratoga,New York,2,4,3,7,6
Schenectady,New York,2,3,3,7,6
Schoharie,New York,4,5,6,8,8
Schuyler,New York,0,5,6,8,4
Seneca,New York,0,5,6,8,8
Steuben,New York,2,6,4,7,6
Suffolk,New York,2,6,4,7,6
Sullivan,New York,2,3,3,7,5
Tioga,New York,2,6,4,7,6
Tompkins,New York,4,5,5,8,4
Ulster,New York,2,6,4,7,6
Warren,New York,4,6,4,7,5
Washington,New York,1,3,4,7,6
Wayne,New York,6,6,3,7,3
Westchester,New York,2,6,4,7,6
Wyoming,New York,1,4,3,7,6
Yates,New York,0,6,3,7,6
Alamance,North Carolina,2,2,3,3,3
Alexander,North Carolina,0,5,5,8,5
Alleghany,North Carolina,0,5,5,8,4
Anson,North Carolina,0,5,4,7,6
Ashe,North Carolina,0,5,5,7,5
Avery,North Carolina,0,0,0,0,8
Beaufort,North Carolina,4,5,5,8,4
Bertie,North Carolina,1,1,2,7,6
Bladen,North Carolina,0,2,4,3,2
Brunswick,North Carolina,6,6,1,2,2
Buncombe,North Carolina,2,1,1,7,6
Burke,North Carolina,2,3,1,2,3
Cabarrus,North Carolina,1,6,2,2,2
Caldwell,North Carolina,4,2,4,6,3
Camden,North Carolina,0,0,0,8,4
Carteret,North Carolina,6,4,4,3,2
Caswell,North Carolina,0,2,4,6,3
Catawba,North Carolina,2,1,1,3,3
Chatham,North Carolina,2,2,3,7,6
Cherokee,North Carolina,2,1,2,7,3
Chowan,North Carolina,0,5,5,8,4
Clay,North Carolina,0,5,5,8,8
Cleveland,North Carolina,6,6,1,2,2
Columbus,North Carolina,0,3,2,7,6
Craven,North Carolina,6,1,1,2,6
Cumberland,North Carolina,2,3,2,7,6
Currituck,North Carolina,0,5,6,8,8
Dare,North Carolina,6,6,3,7,2
Davidson,North Carolina,2,3,2,2,3
Davie,North Carolina,2,3,1,2,3
Duplin,North Carolina,4,2,3,6,6
Durham,North Carolina,2,6,2,2,3
Edgecombe,North Carolina,0,3,3,7,3
Forsyth,North Carolina,1,1,1,2,6
Franklin,North Carolina,2,6,2,2,2
Gaston,North Carolina,2,3,2,2,2
Gates,North Carolina,0,5,4,7,5
Graham,North Carolina,0,0,0,8,8
Granville,North Carolina,6,6,1,2,6
Greene,North Carolina,0,2,3,6,3
Guilford,North Carolina,2,1,2,2,3
Halifax,North Carolina,0,1,1,2,6
Harnett,North Carolina,1,3,3,4,3
Haywood,North Carolina,0,5,5,8,8
Henderson,North Carolina,2,4,3,4,3
Hertford,North Carolina,1,1,1,4,5
Hoke,North Carolina,4,5,4,7,6
Hyde,North Carolina,0,0,9,8,8
Iredell,North Carolina,2,4,2,2,2
Jackson,North Carolina,4,2,4,3,2
Johnston,North Carolina,2,3,1,2,2
Jones,North Carolina,0,4,2,7,3
Lee,North Carolina,4,6,4,7,3
Lenoir,North Carolina,2,2,2,4,6
Lincoln,North Carolina,4,5,6,8,5
McDowell,North Carolina,6,6,1,2,2
Macon,North Carolina,0,6,1,2,2
Madison,North Carolina,0,0,5,8,8
Martin,North Carolina,0,2,3,4,3
Mecklenburg,North Carolina,2,4,1,2,3
Mitchell,North Carolina,4,5,6,8,8
Montgomery,North Carolina,1,1,1,2,3
Moore,North Carolina,2,4,2,2,3
Nash,North Carolina,2,3,2,2,2
New Hanover,North Carolina,6,3,1,2,2
Northampton,North Carolina,2,4,3,7,6
Onslow,North Carolina,2,3,1,2,3
Orange,North Carolina,6,6,3,2,3
Pamlico,North Carolina,0,5,5,8,5
Pasquotank,North Carolina,2,2,4,7,3
Pender,North Carolina,0,2,2,2,2
Perquimans,North Carolina,0,6,4,7,3
Person,North Carolina,4,6,3,2,3
Pitt,North Carolina,2,3,1,2,3
Polk,North Carolina,0,2,4,7,3
Randolph,North Carolina,1,1,2,7,6
Richmond,North Carolina,0,1,1,4,6
Robeson,North Carolina,2,1,1,7,6
Rockingham,North Carolina,0,1,1,2,2
Rowan,North Carolina,2,4,2,2,3
Rutherford,North Carolina,0,2,3,2,3
Sampson,North Carolina,4,2,3,4,6
Scotland,North Carolina,4,5,6,7,5
Stanly,North Carolina,0,6,1,2,2
Stokes,North Carolina,0,5,6,8,5
Surry,North Carolina,4,2,3,3,3
Swain,North Carolina,0,0,0,8,8
Transylvania,North Carolina,4,5,5,1,6
Tyrrell,North Carolina,0,0,6,9,4
Union,North Carolina,2,4,3,2,2
Vance,North Carolina,2,2,2,4,6
Wake,North Carolina,2,6,2,2,2
Warren,North Carolina,0,5,4,5,6
Washington,North Carolina,0,6,3,2,6
Watauga,North Carolina,4,5,6,8,4
Wayne,North Carolina,2,4,3,3,6
Wilkes,North Carolina,0,1,1,7,5
Wilson,North Carolina,2,3,2,2,3
Yadkin,North Carolina,0,1,1,2,6
Yancey,North Carolina,0,0,0,8,4
Adams,North Dakota,0,0,0,0,0
Barnes,North Dakota,0,5,6,8,7
Benson,North Dakota,0,0,0,8,8
Billings,North Dakota,0,0,0,0,0
Bottineau,North Dakota,0,0,0,0,8
Bowman,North Dakota,0,9,8,10,10
Burke,North Dakota,0,5,5,9,10
Burleigh,North Dakota,4,5,6,8,4
Cass,North Dakota,1,1,2,7,6
Cavalier,North Dakota,0,0,0,0,0
Dickey,North Dakota,0,0,0,0,0
Divide,North Dakota,0,8,8,10,10
Dunn,North Dakota,4,5,6,8,4
Eddy,North Dakota,0,5,6,8,8
Emmons,North Dakota,0,6,1,6,5
Foster,North Dakota,8,8,8,10,9
Golden Valley,North Dakota,0,0,0,0,0
Grand Forks,North Dakota,0,6,4,7,6
Grant,North Dakota,0,5,9,9,9
Griggs,North Dakota,0,0,0,0,8
Hettinger,North Dakota,0,0,0,0,0
Kidder,North Dakota,0,0,0,0,0
LaMoure,North Dakota,0,0,0,0,0
Logan,North Dakota,0,0,0,0,0
McHenry,North Dakota,6,8,2,7,2
McIntosh,North Dakota,0,8,8,10,9
McKenzie,North Dakota,0,5,5,8,8
McLean,North Dakota,0,5,5,8,8
Mercer,North Dakota,0,0,0,8,8
Morton,North Dakota,6,8,1,6,3
Mountrail,North Dakota,0,5,5,8,4
Nelson,North Dakota,0,0,6,8,8
Oliver,North Dakota,0,8,8,10,9
Pembina,North Dakota,0,0,5,8,8
Pierce,North Dakota,4,9,5,8,8
Ramsey,North Dakota,4,5,4,7,3
Ransom,North Dakota,0,0,6,8,8
Renville,North Dakota,0,0,0,8,8
Richland,North Dakota,0,5,6,8,8
Rolette,North Dakota,0,5,5,8,8
Sargent,North Dakota,0,5,6,8,8
Sheridan,North Dakota,0,0,0,0,0
Sioux,North Dakota,0,5,5,8,8
Slope,North Dakota,0,5,8,10,10
Stark,North Dakota,2,8,3,7,2
Steele,North Dakota,0,0,0,0,9
Stutsman,North Dakota,0,5,6,8,5
Towner,North Dakota,0,0,0,0,0
Traill,North Dakota,0,0,0,8,8
Walsh,North Dakota,4,5,6,8,8
Ward,North Dakota,6,8,1,6,3
Wells,North Dakota,0,0,6,8,4
Williams,North Dakota,0,5,5,8,8
Adams,Ohio,0,5,4,6,3
Allen,Ohio,0,8,3,6,3
Ashland,Ohio,4,5,6,8,5
Ashtabula,Ohio,2,8,2,7,6
Athens,Ohio,6,8,1,2,3
Auglaize,Ohio,0,8,2,4,6
Belmont,Ohio,2,1,2,7,6
Brown,Ohio,0,1,2,2,3
Butler,Ohio,2,3,2,7,6
Carroll,Ohio,6,6,3,7,3
Champaign,Ohio,2,1,2,4,6
Clark,Ohio,2,2,2,3,3
Clermont,Ohio,2,3,2,7,3
Clinton,Ohio,2,2,4,7,6
Columbiana,Ohio,1,3,1,3,6
Coshocton,Ohio,4,5,6,8,5
Crawford,Ohio,4,2,4,7,6
Cuyahoga,Ohio,2,3,2,7,6
Darke,Ohio,2,3,1,3,6
Defiance,Ohio,6,6,3,7,6
Delaware,Ohio,2,3,2,7,6
Erie,Ohio,1,1,2,7,5
Fairfield,Ohio,2,4,2,7,6
Fayette,Ohio,4,5,6,8,4
Franklin,Ohio,1,3,3,7,6
Fulton,Ohio,0,5,6,8,4
Gallia,Ohio,2,2,1,3,2
Geauga,Ohio,2,4,3,7,6
Greene,Ohio,2,3,2,2,3
Guernsey,Ohio,0,5,4,7,6
Hamilton,Ohio,2,3,2,7,3
Hancock,Ohio,2,6,3,4,3
Hardin,Ohio,0,3,6,1,5
Harrison,Ohio,0,0,6,8,5
Henry,Ohio,0,3,6,8,8
Highland,Ohio,6,6,2,2,3
Hocking,Ohio,0,2,2,7,5
Holmes,Ohio,0,3,1,2,2
Huron,Ohio,1,1,8,2,2
Jackson,Ohio,0,3,8,8,8
Jefferson,Ohio,2,6,8,10,6
Knox,Ohio,3,3,8,10,3
Lake,Ohio,2,3,8,10,6
Lawrence,Ohio,4,3,8,10,10
Licking,Ohio,2,3,8,10,10
Logan,Ohio,4,3,8,10,10
Lorain,Ohio,2,4,8,10,10
Lucas,Ohio,1,4,8,10,10
Madison,Ohio,1,1,8,10,10
Mahoning,Ohio,3,3,8,10,10
Marion,Ohio,2,6,8,10,10
Medina,Ohio,2,4,8,10,10
Meigs,Ohio,0,5,8,10,10
Mercer,Ohio,3,1,8,10,10
Miami,Ohio,2,1,8,10,10
Monroe,Ohio,0,2,8,10,10
Montgomery,Ohio,2,3,8,10,10
Morgan,Ohio,0,5,8,10,10
Morrow,Ohio,0,2,3,10,10
Muskingum,Ohio,4,5,6,10,10
Noble,Ohio,0,5,6,8,10
Ottawa,Ohio,0,6,3,7,10
Paulding,Ohio,0,5,5,8,10
Perry,Ohio,0,6,4,4,3
Pickaway,Ohio,2,2,4,7,6
Pike,Ohio,0,5,5,8,4
Portage,Ohio,2,6,3,7,3
Preble,Ohio,0,6,2,2,3
Putnam,Ohio,0,0,4,7,6
Richland,Ohio,2,3,2,4,6
Ross,Ohio,0,6,3,7,3
Sandusky,Ohio,2,3,2,4,6
Scioto,Ohio,0,5,5,8,4
Seneca,Ohio,2,3,2,3,6
Shelby,Ohio,6,6,2,7,6
Stark,Ohio,1,3,3,7,6
Summit,Ohio,3,3,3,7,6
Trumbull,Ohio,3,3,2,7,3
Tuscarawas,Ohio,4,2,4,7,6
Union,Ohio,7,5,4,7,6
Van Wert,Ohio,0,5,5,8,4
Vinton,Ohio,0,0,0,7,5
Warren,Ohio,2,3,2,4,3
Washington,Ohio,2,6,4,7,2
Wayne,Ohio,2,2,2,7,6
Williams,Ohio,0,1,3,7,6
Wood,Ohio,2,2,3,7,6
Wyandot,Ohio,2,4,2,3,6
Adair,Oklahoma,2,4,2,6,3
Alfalfa,Oklahoma,0,0,8,10,10
Atoka,Oklahoma,0,5,5,8,8
Beaver,Oklahoma,0,5,6,8,8
Beckham,Oklahoma,0,5,6,8,8
Blaine,Oklahoma,0,0,0,8,8
Bryan,Oklahoma,2,2,1,2,2
Caddo,Oklahoma,0,2,3,7,6
Canadian,Oklahoma,2,4,2,2,2
Carter,Oklahoma,2,2,1,2,3
Cherokee,Oklahoma,0,6,4,2,2
Choctaw,Oklahoma,0,5,4,1,5
Cimarron,Oklahoma,0,0,9,10,10
Cleveland,Oklahoma,3,6,4,4,2
Coal,Oklahoma,0,0,0,0,8
Comanche,Oklahoma,6,3,2,4,6
Cotton,Oklahoma,0,6,4,4,2
Craig,Oklahoma,4,5,6,8,8
Creek,Oklahoma,2,6,3,4,3
Custer,Oklahoma,7,5,6,8,8
Delaware,Oklahoma,6,6,4,2,2
Dewey,Oklahoma,0,5,6,8,7
Ellis,Oklahoma,0,0,0,0,0
Garfield,Oklahoma,0,3,2,2,3
Garvin,Oklahoma,6,6,4,2,2
Grady,Oklahoma,2,3,2,4,6
Grant,Oklahoma,0,5,8,10,10
Greer,Oklahoma,0,4,4,7,9
Harmon,Oklahoma,0,0,0,0,0
Harper,Oklahoma,0,0,9,10,10
Haskell,Oklahoma,0,0,6,8,4
Hughes,Oklahoma,0,0,0,0,0
Jackson,Oklahoma,4,6,4,7,6
Jefferson,Oklahoma,0,5,5,8,8
Johnston,Oklahoma,0,0,5,8,4
Kay,Oklahoma,6,6,2,2,2
Kingfisher,Oklahoma,0,5,7,8,4
Kiowa,Oklahoma,0,5,6,8,5
Latimer,Oklahoma,0,6,3,2,2
Le Flore,Oklahoma,0,6,4,2,2
Lincoln,Oklahoma,4,6,4,7,6
Logan,Oklahoma,2,2,4,2,2
Love,Oklahoma,0,5,6,8,8
McClain,Oklahoma,2,2,4,7,3
McCurtain,Oklahoma,0,5,4,1,6
McIntosh,Oklahoma,0,5,4,7,2
Major,Oklahoma,0,1,2,7,2
Marshall,Oklahoma,0,5,6,8,8
Mayes,Oklahoma,2,4,3,2,2
Murray,Oklahoma,0,0,6,8,8
Muskogee,Oklahoma,6,6,1,2,3
Noble,Oklahoma,4,5,9,8,4
Nowata,Oklahoma,0,5,6,7,6
Okfuskee,Oklahoma,0,5,5,8,8
Oklahoma,Oklahoma,3,3,3,4,2
Okmulgee,Oklahoma,4,5,5,8,4
Osage,Oklahoma,2,4,3,4,2
Ottawa,Oklahoma,6,6,4,7,2
Pawnee,Oklahoma,2,6,2,2,2
Payne,Oklahoma,6,6,4,2,2
Pittsburg,Oklahoma,0,2,4,7,2
Pontotoc,Oklahoma,6,6,1,2,2
Pottawatomie,Oklahoma,2,6,3,4,2
Pushmataha,Oklahoma,0,0,0,8,8
Roger Mills,Oklahoma,0,0,0,0,0
Rogers,Oklahoma,0,6,3,4,2
Seminole,Oklahoma,0,3,2,7,3
Sequoyah,Oklahoma,2,6,2,2,2
Stephens,Oklahoma,2,4,1,3,3
Texas,Oklahoma,0,1,1,5,5
Tillman,Oklahoma,0,2,4,7,5
Tulsa,Oklahoma,1,3,2,2,2
Wagoner,Oklahoma,2,6,3,4,2
Washington,Oklahoma,2,6,4,7,3
Washita,Oklahoma,0,0,0,0,8
Woods,Oklahoma,0,0,6,8,8
Woodward,Oklahoma,0,5,6,8,8
Baker,Oregon,0,0,0,8,8
Benton,Oregon,6,3,2,7,3
Clackamas,Oregon,1,3,3,2,3
Clatsop,Oregon,4,5,6,8,8
Columbia,Oregon,0,5,6,8,8
Coos,Oregon,0,0,6,8,8
Crook,Oregon,0,7,6,8,8
Curry,Oregon,0,5,6,8,8
Deschutes,Oregon,4,5,6,8,4
Douglas,Oregon,4,5,5,8,8
Gilliam,Oregon,0,0,0,0,0
Grant,Oregon,8,8,8,10,10
Harney,Oregon,0,0,0,10,10
Hood River,Oregon,4,5,6,8,4
Jackson,Oregon,4,5,6,8,8
Jefferson,Oregon,0,0,6,8,4
Josephine,Oregon,6,6,3,7,2
Klamath,Oregon,4,5,5,8,4
Lake,Oregon,0,0,0,0,0
Lane,Oregon,1,4,2,4,2
Lincoln,Oregon,4,5,5,8,5
Linn,Oregon,5,3,3,7,3
Malheur,Oregon,0,5,6,7,6
Marion,Oregon,1,3,2,4,3
Morrow,Oregon,0,5,6,8,5
Multnomah,Oregon,1,4,2,2,3
Polk,Oregon,2,3,4,7,3
Sherman,Oregon,0,9,8,10,10
Tillamook,Oregon,4,5,0,10,8
Umatilla,Oregon,4,2,4,4,2
Union,Oregon,4,5,6,8,5
Wallowa,Oregon,0,7,5,8,4
Wasco,Oregon,6,6,2,2,2
Washington,Oregon,1,4,2,4,3
Wheeler,Oregon,0,0,0,0,0
Yamhill,Oregon,2,3,2,2,3
Adams,Pennsylvania,2,4,3,6,6
Allegheny,Pennsylvania,2,6,3,7,3
Armstrong,Pennsylvania,2,6,4,7,6
Beaver,Pennsylvania,2,4,4,7,6
Bedford,Pennsylvania,0,3,3,4,3
Berks,Pennsylvania,2,4,4,7,6
Blair,Pennsylvania,4,5,4,1,6
Bradford,Pennsylvania,6,6,3,7,3
Bucks,Pennsylvania,2,4,3,7,6
Butler,Pennsylvania,2,6,3,7,3
Cambria,Pennsylvania,2,1,2,7,3
Cameron,Pennsylvania,0,9,9,9,9
Carbon,Pennsylvania,2,6,4,7,6
Centre,Pennsylvania,6,6,3,7,3
Chester,Pennsylvania,2,4,3,7,6
Clarion,Pennsylvania,0,6,3,4,6
Clearfield,Pennsylvania,7,5,5,8,8
Clinton,Pennsylvania,0,5,4,7,6
Columbia,Pennsylvania,2,6,4,7,6
Crawford,Pennsylvania,4,5,5,8,8
Cumberland,Pennsylvania,1,4,3,7,6
Dauphin,Pennsylvania,2,4,3,7,6
Delaware,Pennsylvania,3,4,3,7,6
Elk,Pennsylvania,0,6,4,1,2
Erie,Pennsylvania,6,6,2,2,6
Fayette,Pennsylvania,2,6,3,7,3
Forest,Pennsylvania,0,5,0,10,10
Franklin,Pennsylvania,2,2,3,7,6
Fulton,Pennsylvania,0,2,4,7,6
Greene,Pennsylvania,4,6,4,2,2
Huntingdon,Pennsylvania,0,5,4,7,5
Indiana,Pennsylvania,6,6,3,7,3
Jefferson,Pennsylvania,0,5,6,1,5
Juniata,Pennsylvania,6,6,4,7,6
Lackawanna,Pennsylvania,2,4,3,7,6
Lancaster,Pennsylvania,2,4,3,6,6
Lawrence,Pennsylvania,2,6,3,4,3
Lebanon,Pennsylvania,2,6,4,7,6
Lehigh,Pennsylvania,1,6,4,7,6
Luzerne,Pennsylvania,2,6,4,7,6
Lycoming,Pennsylvania,2,2,4,7,6
McKean,Pennsylvania,0,2,4,7,6
Mercer,Pennsylvania,6,6,3,7,6
Mifflin,Pennsylvania,0,5,4,7,6
Monroe,Pennsylvania,2,6,4,7,6
Montgomery,Pennsylvania,2,6,3,7,6
Montour,Pennsylvania,4,6,4,2,2
Northampton,Pennsylvania,1,6,4,7,6
Northumberland,Pennsylvania,0,5,4,7,6
Perry,Pennsylvania,0,3,1,7,6
Philadelphia,Pennsylvania,2,4,3,7,6
Pike,Pennsylvania,2,6,4,7,6
Potter,Pennsylvania,4,5,8,8,4
Schuylkill,Pennsylvania,2,6,3,7,6
Snyder,Pennsylvania,0,1,2,2,6
Somerset,Pennsylvania,4,6,4,7,3
Sullivan,Pennsylvania,0,5,5,8,4
Susquehanna,Pennsylvania,2,6,4,2,6
Tioga,Pennsylvania,0,6,4,4,3
Union,Pennsylvania,0,6,3,4,6
Venango,Pennsylvania,0,5,6,8,8
Warren,Pennsylvania,6,1,1,8,7
Washington,Pennsylvania,2,6,4,7,2
Wayne,Pennsylvania,6,6,4,7,6
Westmoreland,Pennsylvania,2,6,4,4,2
Wyoming,Pennsylvania,0,6,4,7,6
York,Pennsylvania,2,4,3,7,3
Bristol,Rhode Island,4,5,6,8,8
Kent,Rhode Island,4,5,5,8,8
Newport,Rhode Island,4,5,5,8,8
Providence,Rhode Island,1,1,1,8,8
Washington,Rhode Island,4,5,5,8,8
Abbeville,South Carolina,4,5,5,8,4
Aiken,South Carolina,2,3,2,4,3
Allendale,South Carolina,0,2,3,7,6
Anderson,South Carolina,2,4,2,2,2
Bamberg,South Carolina,0,5,5,8,5
Barnwell,South Carolina,0,6,4,7,3
Beaufort,South Carolina,2,6,2,2,2
Berkeley,South Carolina,2,6,4,2,2
Calhoun,South Carolina,2,3,1,2,2
Charleston,South Carolina,2,6,2,2,2
Cherokee,South Carolina,0,6,3,6,3
Chester,South Carolina,4,5,4,1,6
Chesterfield,South Carolina,6,2,2,4,6
Clarendon,South Carolina,1,4,4,7,3
Colleton,South Carolina,6,3,1,2,3
Darlington,South Carolina,2,6,3,7,6
Dillon,South Carolina,4,5,4,7,3
Dorchester,South Carolina,6,6,2,2,2
Edgefield,South Carolina,2,2,3,4,3
Fairfield,South Carolina,6,2,2,7,6
Florence,South Carolina,1,1,3,7,3
Georgetown,South Carolina,2,6,1,2,2
Greenville,South Carolina,3,4,2,2,2
Greenwood,South Carolina,4,6,3,3,3
Hampton,South Carolina,0,6,4,7,6
Horry,South Carolina,2,4,2,2,2
Jasper,South Carolina,6,6,2,4,2
Kershaw,South Carolina,2,6,2,2,3
Lancaster,South Carolina,6,6,2,2,2
Laurens,South Carolina,0,3,3,2,2
Lee,South Carolina,2,1,1,7,6
Lexington,South Carolina,1,4,3,2,2
McCormick,South Carolina,0,6,2,2,2
Marion,South Carolina,1,1,3,4,2
Marlboro,South Carolina,4,6,1,4,5
Newberry,South Carolina,2,4,1,2,2
Oconee,South Carolina,4,5,6,8,5
Orangeburg,South Carolina,2,2,2,2,3
Pickens,South Carolina,6,2,3,2,2
Richland,South Carolina,3,4,3,2,2
Saluda,South Carolina,4,5,4,7,6
Spartanburg,South Carolina,2,6,2,2,3
Sumter,South Carolina,1,4,3,2,2
Union,South Carolina,4,5,6,8,4
Williamsburg,South Carolina,4,2,3,7,3
York,South Carolina,2,3,2,2,2
Aurora,South Dakota,0,9,5,8,8
Beadle,South Dakota,6,3,1,2,3
Bennett,South Dakota,0,0,0,0,0
Bon Homme,South Dakota,4,5,6,8,8
Brookings,South Dakota,4,5,6,8,8
Brown,South Dakota,4,5,4,7,5
Brule,South Dakota,0,0,0,0,0
Buffalo,South Dakota,0,0,0,8,5
Butte,South Dakota,0,0,0,0,0
Campbell,South Dakota,0,0,0,0,0
Charles Mix,South Dakota,4,5,6,8,4
Clark,South Dakota,0,5,5,8,4
Clay,South Dakota,0,5,6,8,4
Codington,South Dakota,4,5,6,8,4
Corson,South Dakota,0,5,6,8,4
Custer,South Dakota,0,0,0,0,0
Davison,South Dakota,4,5,6,8,4
Day,South Dakota,0,0,0,8,8
Deuel,South Dakota,0,8,8,10,9
Dewey,South Dakota,0,0,0,0,0
Douglas,South Dakota,0,0,0,8,7
Edmunds,South Dakota,0,0,0,0,0
Fall River,South Dakota,0,9,6,8,4
Faulk,South Dakota,0,8,8,8,5
Grant,South Dakota,0,0,0,8,4
Gregory,South Dakota,0,0,0,0,0
Haakon,South Dakota,0,0,0,0,0
Hamlin,South Dakota,0,9,6,8,4
Hand,South Dakota,0,0,5,8,8
Hanson,South Dakota,0,0,0,0,0
Harding,South Dakota,0,0,0,0,0
Hughes,South Dakota,4,5,6,8,4
Hutchinson,South Dakota,0,9,6,8,8
Hyde,South Dakota,0,0,8,8,4
Jackson,South Dakota,0,0,0,0,5
Jerauld,South Dakota,0,6,1,3,5
Jones,South Dakota,0,0,0,0,0
Kingsbury,South Dakota,0,0,0,0,0
Lake,South Dakota,0,5,5,1,5
Lawrence,South Dakota,0,5,0,8,8
Lincoln,South Dakota,4,5,6,8,5
Lyman,South Dakota,4,5,6,8,8
McCook,South Dakota,2,3,2,2,2
McPherson,South Dakota,0,0,9,8,8
Marshall,South Dakota,0,8,6,8,8
Meade,South Dakota,8,5,6,1,5
Mellette,South Dakota,0,0,0,0,0
Miner,South Dakota,0,9,8,8,8
Minnehaha,South Dakota,2,4,4,7,6
Moody,South Dakota,0,0,6,8,8
Oglala Lakota,South Dakota,0,5,5,8,8
Pennington,South Dakota,1,1,1,2,6
Perkins,South Dakota,0,0,0,0,0
Potter,South Dakota,0,0,0,0,0
Roberts,South Dakota,0,5,6,8,8
Sanborn,South Dakota,0,5,6,8,4
Spink,South Dakota,0,5,6,8,4
Stanley,South Dakota,0,0,6,8,8
Sully,South Dakota,0,0,8,10,10
Todd,South Dakota,0,5,4,7,6
Tripp,South Dakota,0,0,0,0,8
Turner,South Dakota,0,5,6,8,4
Union,South Dakota,0,5,5,7,5
Walworth,South Dakota,0,0,0,10,4
Yankton,South Dakota,0,5,6,8,8
Ziebach,South Dakota,0,0,0,8,8
Anderson,Tennessee,2,3,2,2,3
Bedford,Tennessee,2,1,2,4,3
Benton,Tennessee,6,2,4,4,2
Bledsoe,Tennessee,0,6,4,7,6
Blount,Tennessee,6,6,2,4,2
Bradley,Tennessee,2,3,1,2,2
Campbell,Tennessee,6,6,3,2,2
Cannon,Tennessee,4,5,6,8,4
Carroll,Tennessee,6,4,3,2,3
Carter,Tennessee,0,1,3,7,2
Cheatham,Tennessee,4,5,6,8,5
Chester,Tennessee,4,5,5,8,4
Claiborne,Tennessee,4,5,6,8,8
Clay,Tennessee,0,5,5,8,8
Cocke,Tennessee,4,5,6,8,4
Coffee,Tennessee,0,5,6,8,8
Crockett,Tennessee,0,0,4,7,3
Cumberland,Tennessee,6,6,3,6,6
Davidson,Tennessee,1,3,2,4,3
Decatur,Tennessee,0,5,5,8,8
DeKalb,Tennessee,0,5,6,8,8
Dickson,Tennessee,4,5,6,8,8
Dyer,Tennessee,4,5,6,8,5
Fayette,Tennessee,2,4,2,4,2
Fentress,Tennessee,0,5,5,8,8
Franklin,Tennessee,3,3,2,4,6
Gibson,Tennessee,2,6,4,7,2
Giles,Tennessee,0,5,6,8,5
Grainger,Tennessee,0,5,5,8,8
Greene,Tennessee,2,4,3,4,2
Grundy,Tennessee,6,6,4,2,2
Hamblen,Tennessee,2,3,2,2,2
Hamilton,Tennessee,2,1,1,2,3
Hancock,Tennessee,0,0,0,0,7
Hardeman,Tennessee,0,5,6,8,5
Hardin,Tennessee,4,5,3,6,2
Hawkins,Tennessee,2,6,3,4,2
Haywood,Tennessee,0,3,3,7,2
Henderson,Tennessee,0,5,6,8,4
Henry,Tennessee,0,5,6,8,8
Hickman,Tennessee,0,5,5,8,8
Houston,Tennessee,4,5,5,8,8
Humphreys,Tennessee,0,6,4,2,3
Jackson,Tennessee,0,5,6,8,8
Jefferson,Tennessee,6,1,1,8,4
Johnson,Tennessee,0,5,6,8,4
Knox,Tennessee,2,4,2,2,2
Lake,Tennessee,0,0,6,8,4
Lauderdale,Tennessee,0,5,4,7,2
Lawrence,Tennessee,0,5,6,1,1
Lewis,Tennessee,4,8,9,8,8
Lincoln,Tennessee,4,5,6,8,4
Loudon,Tennessee,4,5,5,7,5
McMinn,Tennessee,2,2,4,7,3
McNairy,Tennessee,0,5,6,8,4
Macon,Tennessee,2,3,1,2,2
Madison,Tennessee,2,6,4,7,2
Marion,Tennessee,2,6,1,3,6
Marshall,Tennessee,0,2,2,2,2
Maury,Tennessee,4,5,6,1,1
Meigs,Tennessee,4,5,6,8,8
Monroe,Tennessee,2,1,1,7,3
Montgomery,Tennessee,2,3,2,4,3
Moore,Tennessee,0,0,5,8,8
Morgan,Tennessee,0,5,7,8,5
Obion,Tennessee,0,3,1,2,3
Overton,Tennessee,4,5,6,8,8
Perry,Tennessee,4,5,6,8,4
Pickett,Tennessee,0,0,0,8,8
Polk,Tennessee,0,5,6,8,8
Putnam,Tennessee,6,3,1,3,6
Rhea,Tennessee,0,0,9,9,9
Roane,Tennessee,4,5,6,8,7
Robertson,Tennessee,4,5,4,1,5
Rutherford,Tennessee,3,3,2,4,3
Scott,Tennessee,4,5,6,8,8
Sequatchie,Tennessee,0,5,6,8,8
Sevier,Tennessee,2,2,3,2,2
Shelby,Tennessee,2,3,2,4,3
Smith,Tennessee,0,6,2,3,2
Stewart,Tennessee,0,5,5,8,8
Sullivan,Tennessee,2,4,3,4,2
Sumner,Tennessee,2,4,2,3,3
Tipton,Tennessee,4,2,4,7,3
Trousdale,Tennessee,0,1,1,7,3
Unicoi,Tennessee,0,5,6,9,9
Union,Tennessee,0,5,9,8,4
Van Buren,Tennessee,0,0,6,8,8
Warren,Tennessee,0,5,5,8,4
Washington,Tennessee,2,1,5,8,4
Wayne,Tennessee,0,7,9,9,9
Weakley,Tennessee,0,5,6,8,5
White,Tennessee,4,5,6,7,5
Williamson,Tennessee,2,6,2,2,3
Wilson,Tennessee,2,6,3,4,3
Anderson,Texas,0,5,6,8,5
Andrews,Texas,0,5,6,8,4
Angelina,Texas,4,2,4,7,6
Aransas,Texas,0,5,6,8,4
Archer,Texas,0,0,0,0,8
Armstrong,Texas,0,0,5,8,8
Atascosa,Texas,2,3,2,7,2
Austin,Texas,4,5,6,8,4
Bailey,Texas,0,0,0,8,5
Bandera,Texas,0,5,7,9,4
Bastrop,Texas,2,1,1,4,3
Baylor,Texas,0,0,0,0,0
Bee,Texas,0,5,6,8,4
Bell,Texas,1,3,1,2,3
Bexar,Texas,1,3,2,2,2
Blanco,Texas,4,5,4,1,6
Borden,Texas,0,0,0,0,0
Bosque,Texas,0,0,6,8,8
Bowie,Texas,1,1,2,3,6
Brazoria,Texas,2,3,3,7,2
Brazos,Texas,2,3,1,2,2
Brewster,Texas,0,0,0,8,5
Briscoe,Texas,0,0,0,9,9
Brooks,Texas,0,0,9,9,8
Brown,Texas,2,2,3,7,3
Burleson,Texas,0,5,5,8,4
Burnet,Texas,4,5,6,1,1
Caldwell,Texas,0,5,5,8,5
Calhoun,Texas,2,6,4,2,2
Callahan,Texas,0,2,4,7,3
Cameron,Texas,2,4,3,2,2
Camp,Texas,0,5,6,7,5
Carson,Texas,0,0,5,8,4
Cass,Texas,4,5,6,7,5
Castro,Texas,6,1,1,4,2
Chambers,Texas,4,5,5,1,6
Cherokee,Texas,0,1,1,7,2
Childress,Texas,0,0,6,8,4
Clay,Texas,0,5,0,8,8
Cochran,Texas,0,0,9,10,10
Coke,Texas,0,0,0,8,5
Coleman,Texas,0,0,6,8,8
Collin,Texas,1,4,2,4,2
Collingsworth,Texas,0,0,0,8,8
Colorado,Texas,0,5,6,8,4
Comal,Texas,2,3,2,2,2
Comanche,Texas,0,6,1,3,2
Concho,Texas,0,9,8,10,4
Cooke,Texas,0,5,6,8,8
Coryell,Texas,2,2,3,7,6
Cottle,Texas,0,0,0,7,9
Crane,Texas,4,8,4,1,6
Crockett,Texas,0,0,0,0,0
Crosby,Texas,0,6,1,3,2
Culberson,Texas,0,0,0,0,0
Dallam,Texas,0,2,2,2,2
Dallas,Texas,1,3,2,4,3
Dawson,Texas,0,1,2,7,6
Deaf Smith,Texas,4,2,4,7,6
Delta,Texas,0,9,8,9,8
Denton,Texas,2,3,2,4,3
DeWitt,Texas,6,6,4,2,2
Dickens,Texas,0,5,8,9,9
Dimmit,Texas,0,9,8,10,4
Donley,Texas,0,5,5,8,8
Duval,Texas,0,0,6,8,4
Eastland,Texas,4,5,6,8,8
Ector,Texas,0,4,2,2,2
Edwards,Texas,0,0,0,0,0
Ellis,Texas,2,3,2,4,2
El Paso,Texas,2,3,2,4,3
Erath,Texas,2,6,1,2,2
Falls,Texas,4,5,6,8,4
Fannin,Texas,4,6,3,4,3
Fayette,Texas,6,2,3,7,2
Fisher,Texas,0,0,0,0,3
Floyd,Texas,0,5,6,1,5
Foard,Texas,0,0,0,0,0
Fort Bend,Texas,2,3,3,4,3
Franklin,Texas,0,5,5,8,8
Freestone,Texas,0,0,6,8,8
Frio,Texas,0,5,5,8,4
Gaines,Texas,2,1,6,8,8
Galveston,Texas,2,6,3,2,2
Garza,Texas,0,0,0,8,8
Gillespie,Texas,0,5,6,8,4
Glasscock,Texas,0,0,0,8,8
Goliad,Texas,0,5,6,10,8
Gonzales,Texas,0,2,2,2,3
Gray,Texas,0,5,4,7,5
Grayson,Texas,4,5,4,1,6
Gregg,Texas,4,5,4,7,6
Grimes,Texas,2,1,1,2,2
Guadalupe,Texas,4,5,6,8,5
Hale,Texas,2,3,2,2,2
Hall,Texas,0,0,0,0,5
Hamilton,Texas,0,5,4,5,6
Hansford,Texas,0,2,4,7,3
Hardeman,Texas,0,0,0,0,8
Hardin,Texas,2,4,3,7,2
Harris,Texas,2,4,2,4,2
Harrison,Texas,1,1,3,7,6
Hartley,Texas,0,0,4,7,2
Haskell,Texas,0,0,0,0,8
Hays,Texas,2,6,2,2,2
Hemphill,Texas,0,7,8,10,4
Henderson,Texas,0,5,4,7,6
Hidalgo,Texas,2,6,3,2,2
Hill,Texas,0,4,3,2,2
Hockley,Texas,2,3,2,6,3
Hood,Texas,2,6,2,2,2
Hopkins,Texas,4,5,6,8,5
Houston,Texas,0,0,5,8,4
Howard,Texas,0,1,1,2,2
Hudspeth,Texas,0,0,0,0,8
Hunt,Texas,2,4,2,2,2
Hutchinson,Texas,0,5,5,8,8
Irion,Texas,0,0,0,0,0
Jack,Texas,0,5,5,10,8
Jackson,Texas,0,2,4,7,2
Jasper,Texas,0,3,2,3,3
Jeff Davis,Texas,0,0,0,0,0
Jefferson,Texas,1,3,2,2,2
Jim Hogg,Texas,0,0,5,9,4
Jim Wells,Texas,0,5,6,8,4
Johnson,Texas,1,3,2,2,2
Jones,Texas,0,5,5,8,8
Karnes,Texas,4,5,6,8,4
Kaufman,Texas,2,2,3,4,3
Kendall,Texas,4,5,6,8,8
Kenedy,Texas,0,0,0,0,0
Kent,Texas,0,0,0,0,0
Kerr,Texas,0,5,6,7,6
Kimble,Texas,0,0,0,9,8
King,Texas,0,0,0,0,0
Kinney,Texas,0,0,0,0,0
Kleberg,Texas,0,3,2,4,2
Knox,Texas,0,9,8,10,9
Lamar,Texas,8,2,4,7,3
Lamb,Texas,0,5,5,8,4
Lampasas,Texas,0,5,5,8,4
La Salle,Texas,0,0,6,8,8
Lavaca,Texas,6,6,2,2,2
Lee,Texas,0,5,4,1,1
Leon,Texas,0,5,5,8,8
Liberty,Texas,4,2,4,6,2
Limestone,Texas,2,4,1,2,3
Lipscomb,Texas,0,0,0,8,8
Live Oak,Texas,0,5,6,8,8
Llano,Texas,4,5,8,9,4
Loving,Texas,0,0,0,0,0
Lubbock,Texas,2,6,3,2,2
Lynn,Texas,0,6,1,2,2
McCulloch,Texas,0,5,8,10,4
McLennan,Texas,6,6,2,2,2
McMullen,Texas,0,0,0,0,0
Madison,Texas,0,5,6,8,4
Marion,Texas,0,0,4,7,6
Martin,Texas,4,6,4,4,2
Mason,Texas,0,5,5,8,8
Matagorda,Texas,1,6,4,4,2
Maverick,Texas,4,5,4,7,3
Medina,Texas,2,1,1,2,6
Menard,Texas,0,0,0,0,0
Midland,Texas,1,3,4,2,2
Milam,Texas,2,4,3,2,2
Mills,Texas,0,0,0,0,10
Mitchell,Texas,0,9,8,9,8
Montague,Texas,0,2,3,7,2
Montgomery,Texas,2,3,3,4,3
Moore,Texas,0,2,4,7,6
Morris,Texas,4,5,5,8,8
Motley,Texas,0,0,8,10,10
Nacogdoches,Texas,1,1,3,7,3
Navarro,Texas,0,3,1,2,2
Newton,Texas,0,5,5,8,4
Nolan,Texas,0,0,5,8,4
Nueces,Texas,6,3,2,2,2
Ochiltree,Texas,0,0,3,7,6
Oldham,Texas,2,3,0,2,9
Orange,Texas,6,6,4,7,2
Palo Pinto,Texas,0,6,1,6,3
Panola,Texas,0,1,4,7,5
Parker,Texas,4,5,4,5,2
Parmer,Texas,0,0,5,8,5
Pecos,Texas,0,5,6,8,4
Polk,Texas,0,5,6,8,4
Potter,Texas,1,1,2,7,5
Presidio,Texas,0,0,0,0,8
Rains,Texas,0,5,5,8,8
Randall,Texas,2,1,1,7,6
Reagan,Texas,0,0,0,0,0
Real,Texas,0,0,0,0,0
Red River,Texas,0,0,4,7,6
Reeves,Texas,0,5,7,8,8
Refugio,Texas,0,0,0,8,4
Roberts,Texas,0,0,5,10,9
Robertson,Texas,4,5,5,8,8
Rockwall,Texas,2,2,4,7,3
Runnels,Texas,0,0,0,8,8
Rusk,Texas,2,6,3,2,2
Sabine,Texas,0,0,5,1,6
San Augustine,Texas,0,3,1,4,6
San Jacinto,Texas,0,5,5,8,8
San Patricio,Texas,4,5,5,8,8
San Saba,Texas,0,0,0,0,8
Schleicher,Texas,0,0,0,0,0
Scurry,Texas,0,0,0,8,8
Shackelford,Texas,0,0,0,9,10
Shelby,Texas,6,6,4,7,3
Sherman,Texas,0,0,5,8,8
Smith,Texas,3,3,3,2,2
Somervell,Texas,0,0,0,0,0
Starr,Texas,4,5,6,1,6
Stephens,Texas,0,5,6,8,8
Sterling,Texas,0,0,0,0,0
Stonewall,Texas,0,0,0,0,0
Sutton,Texas,0,0,0,0,0
Swisher,Texas,4,5,6,7,6
Tarrant,Texas,1,1,2,4,3
Taylor,Texas,1,6,4,2,2
Terrell,Texas,0,0,0,0,0
Terry,Texas,4,5,5,8,4
Throckmorton,Texas,0,0,0,0,0
Titus,Texas,0,2,4,6,6
Tom Green,Texas,6,3,2,2,2
Travis,Texas,2,4,2,4,2
Trinity,Texas,0,5,6,8,8
Tyler,Texas,0,5,5,8,8
Upshur,Texas,0,5,6,8,8
Upton,Texas,0,0,0,0,0
Uvalde,Texas,0,5,6,8,5
Val Verde,Texas,4,5,6,8,4
Van Zandt,Texas,1,1,1,2,3
Victoria,Texas,6,6,4,4,2
Walker,Texas,2,2,3,6,6
Waller,Texas,0,5,5,8,4
Ward,Texas,0,0,0,0,4
Washington,Texas,0,4,4,7,3
Webb,Texas,2,3,3,4,2
Wharton,Texas,4,5,6,1,6
Wheeler,Texas,0,0,6,8,8
Wichita,Texas,6,6,3,4,2
Wilbarger,Texas,0,0,5,8,8
Willacy,Texas,0,3,3,2,2
Williamson,Texas,1,3,2,2,2
Wilson,Texas,2,6,4,2,2
Winkler,Texas,0,5,6,9,4
Wise,Texas,0,1,2,7,3
Wood,Texas,0,5,4,1,6
Yoakum,Texas,0,0,6,8,4
Young,Texas,6,6,4,2,2
Zapata,Texas,0,5,6,8,8
Zavala,Texas,0,0,6,8,4
Beaver,Utah,0,0,0,0,0
Box Elder,Utah,0,0,0,0,0
Cache,Utah,0,0,0,0,0
Carbon,Utah,0,0,0,0,0
Daggett,Utah,0,0,0,0,0
Davis,Utah,1,3,2,2,3
Duchesne,Utah,0,0,0,0,0
Emery,Utah,0,0,0,0,0
Garfield,Utah,0,0,0,0,0
Grand,Utah,0,0,0,0,0
Iron,Utah,0,0,0,0,0
Juab,Utah,0,0,0,0,0
Kane,Utah,0,0,0,0,0
Millard,Utah,0,0,0,0,0
Morgan,Utah,0,0,0,0,0
Piute,Utah,0,0,0,0,0
Rich,Utah,0,0,0,0,0
Salt Lake,Utah,3,3,2,4,3
San Juan,Utah,0,1,1,7,6
Sanpete,Utah,0,0,0,0,0
Sevier,Utah,0,0,0,0,0
Summit,Utah,4,5,6,8,4
Tooele,Utah,4,5,6,8,8
Uintah,Utah,0,0,0,0,0
Utah,Utah,2,3,2,4,3
Wasatch,Utah,6,4,2,4,6
Washington,Utah,0,0,0,0,0
Wayne,Utah,0,0,0,0,0
Weber,Utah,0,0,0,0,0
Addison,Vermont,6,6,4,2,6
Bennington,Vermont,2,3,3,7,3
Caledonia,Vermont,4,5,5,8,8
Chittenden,Vermont,2,6,4,2,6
Essex,Vermont,0,5,6,9,9
Franklin,Vermont,6,6,4,7,3
Grand Isle,Vermont,0,5,5,8,8
Lamoille,Vermont,6,6,2,6,6
Orange,Vermont,4,5,6,8,9
Orleans,Vermont,4,5,6,8,8
Rutland,Vermont,6,6,4,6,3
Washington,Vermont,6,6,3,7,6
Windham,Vermont,6,6,4,4,3
Windsor,Vermont,1,3,3,7,6
Accomack,Virginia,2,2,2,7,6
Albemarle,Virginia,2,2,2,4,3
Alleghany,Virginia,0,5,4,1,6
Amelia,Virginia,6,6,3,2,6
Amherst,Virginia,6,1,1,8,4
Appomattox,Virginia,0,5,6,8,8
Arlington,Virginia,2,3,3,7,6
Augusta,Virginia,0,2,2,4,6
Bath,Virginia,0,0,0,0,0
Bedford,Virginia,4,6,4,3,3
Bland,Virginia,0,0,0,0,0
Botetourt,Virginia,6,6,4,2,2
Brunswick,Virginia,0,6,4,6,2
Buchanan,Virginia,0,5,6,8,8
Buckingham,Virginia,0,2,4,7,6
Campbell,Virginia,0,6,3,3,2
Caroline,Virginia,0,6,3,2,6
Carroll,Virginia,0,5,4,7,6
Charles City,Virginia,6,6,2,7,6
Charlotte,Virginia,0,5,5,8,8
Chesterfield,Virginia,2,2,2,2,3
Clarke,Virginia,0,5,6,8,8
Craig,Virginia,0,5,6,8,8
Culpeper,Virginia,2,2,2,6,5
Cumberland,Virginia,0,5,5,8,8
Dickenson,Virginia,0,0,0,0,0
Dinwiddie,Virginia,0,5,6,8,8
Essex,Virginia,0,0,5,8,8
Fairfax,Virginia,1,3,2,7,6
Fauquier,Virginia,2,2,3,6,6
Floyd,Virginia,0,5,5,1,6
Fluvanna,Virginia,6,6,4,4,6
Franklin,Virginia,7,6,4,7,2
Frederick,Virginia,6,2,3,6,6
Giles,Virginia,0,5,6,8,4
Gloucester,Virginia,6,6,3,2,2
Goochland,Virginia,6,6,4,4,6
Grayson,Virginia,0,0,0,7,5
Greene,Virginia,0,4,1,2,3
Greensville,Virginia,0,2,2,2,6
Halifax,Virginia,4,5,6,7,6
Hanover,Virginia,6,4,2,6,6
Henrico,Virginia,3,4,2,3,6
Henry,Virginia,0,3,1,2,3
Highland,Virginia,0,0,5,8,8
Isle of Wight,Virginia,6,6,4,4,6
James City,Virginia,5,6,3,4,6
King and Queen,Virginia,0,5,4,1,5
King George,Virginia,0,2,2,2,6
King William,Virginia,0,2,1,2,3
Lancaster,Virginia,0,5,6,8,8
Lee,Virginia,4,5,6,8,8
Loudoun,Virginia,1,3,2,4,6
Louisa,Virginia,4,5,4,7,6
Lunenburg,Virginia,0,5,6,8,8
Madison,Virginia,4,6,3,6,6
Mathews,Virginia,4,5,5,9,9
Mecklenburg,Virginia,6,6,3,7,5
Middlesex,Virginia,0,5,5,8,8
Montgomery,Virginia,0,6,4,4,3
Nelson,Virginia,4,5,5,8,4
New Kent,Virginia,0,6,2,2,3
Northampton,Virginia,0,2,4,7,5
Northumberland,Virginia,0,2,3,7,3
Nottoway,Virginia,4,5,6,8,5
Orange,Virginia,4,5,4,7,5
Page,Virginia,0,6,4,7,6
Patrick,Virginia,0,0,6,8,5
Pittsylvania,Virginia,2,2,1,2,2
Powhatan,Virginia,0,5,5,8,5
Prince Edward,Virginia,2,2,2,3,6
Prince George,Virginia,0,5,6,8,5
Prince William,Virginia,1,3,2,7,6
Pulaski,Virginia,0,5,6,1,6
Rappahannock,Virginia,0,5,6,8,8
Richmond,Virginia,0,6,4,7,5
Roanoke,Virginia,4,6,4,7,2
Rockbridge,Virginia,4,5,6,8,4
Rockingham,Virginia,2,2,4,7,6
Russell,Virginia,0,5,5,8,7
Scott,Virginia,0,6,4,2,2
Shenandoah,Virginia,2,2,3,7,6
Smyth,Virginia,0,5,5,8,5
Southampton,Virginia,0,2,4,7,6
Spotsylvania,Virginia,2,2,2,2,6
Stafford,Virginia,2,2,2,6,6
Surry,Virginia,0,6,1,2,3
Sussex,Virginia,0,1,1,3,5
Tazewell,Virginia,0,5,6,8,8
Warren,Virginia,4,2,3,6,6
Washington,Virginia,6,6,3,7,3
Westmoreland,Virginia,0,5,4,7,6
Wise,Virginia,0,6,4,6,6
Wythe,Virginia,0,6,2,2,3
York,Virginia,1,3,3,6,3
Alexandria,Virginia,2,3,2,7,6
Bristol,Virginia,0,5,6,8,9
Buena Vista,Virginia,0,5,6,8,8
Charlottesville,Virginia,2,3,1,3,3
Chesapeake,Virginia,2,4,2,4,3
Colonial Heights,Virginia,0,2,4,7,6
Covington,Virginia,0,5,6,8,8
Danville,Virginia,6,6,3,4,3
Emporia,Virginia,0,2,2,7,6
Fairfax City,Virginia,0,2,3,7,5
Falls Church,Virginia,0,0,4,7,5
Franklin City,Virginia,0,6,3,7,6
Fredericksburg,Virginia,4,5,6,1,5
Galax,Virginia,0,5,6,7,5
Hampton,Virginia,1,3,2,7,3
Harrisonburg,Virginia,2,2,4,7,6
Hopewell,Virginia,0,5,6,1,6
Lexington,Virginia,0,5,6,8,8
Lynchburg,Virginia,6,6,3,7,2
Manassas,Virginia,0,2,2,7,5
Manassas Park,Virginia,0,2,2,7,6
Martinsville,Virginia,0,0,0,7,6
Newport News,Virginia,1,4,2,2,3
Norfolk,Virginia,2,3,2,4,3
Norton,Virginia,0,0,6,10,9
Petersburg,Virginia,0,3,1,2,3
Poquoson,Virginia,4,5,5,8,4
Portsmouth,Virginia,0,2,2,4,3
Radford,Virginia,4,5,6,8,8
Richmond City,Virginia,2,3,1,2,6
Roanoke City,Virginia,0,2,4,7,2
Salem,Virginia,0,5,4,7,2
Staunton,Virginia,0,5,6,8,8
Suffolk,Virginia,2,6,4,7,6
Virginia Beach,Virginia,2,6,2,4,3
Waynesboro,Virginia,0,5,6,8,4
Williamsburg,Virginia,2,1,3,7,3
Winchester,Virginia,0,2,3,7,6
Adams,Washington,4,5,6,8,8
Asotin,Washington,0,6,4,4,3
Benton,Washington,1,3,2,2,3
Chelan,Washington,1,1,1,6,6
Clallam,Washington,4,5,5,8,8
Clark,Washington,1,4,1,3,3
Columbia,Washington,2,8,8,10,8
Cowlitz,Washington,4,5,5,8,4
Douglas,Washington,2,3,2,7,3
Ferry,Washington,8,8,8,10,10
Franklin,Washington,2,4,3,2,2
Garfield,Washington,0,0,0,0,0
Grant,Washington,1,4,3,2,2
Grays Harbor,Washington,4,5,6,8,8
Island,Washington,2,6,3,7,3
Jefferson,Washington,4,5,6,8,4
King,Washington,1,4,3,7,3
Kitsap,Washington,6,6,4,2,2
Kittitas,Washington,6,1,6,8,4
Klickitat,Washington,6,4,2,2,3
Lewis,Washington,2,4,3,4,2
Lincoln,Washington,7,9,8,10,8
Mason,Washington,6,6,3,7,3
Okanogan,Washington,6,3,2,3,6
Pacific,Washington,0,2,4,7,2
Pend Oreille,Washington,0,5,6,9,8
Pierce,Washington,2,6,3,7,3
San Juan,Washington,4,5,6,8,8
Skagit,Washington,5,3,4,7,3
Skamania,Washington,0,5,8,8,8
Snohomish,Washington,2,4,3,7,3
Spokane,Washington,2,6,1,2,3
Stevens,Washington,6,6,2,2,3
Thurston,Washington,2,4,2,4,6
Wahkiakum,Washington,0,5,6,8,9
Walla Walla,Washington,4,2,4,7,2
Whatcom,Washington,2,6,2,4,3
Whitman,Washington,4,5,6,8,8
Yakima,Washington,2,3,1,2,3
Barbour,West Virginia,0,6,2,4,2
Berkeley,West Virginia,6,6,3,6,6
Boone,West Virginia,0,5,6,8,8
Braxton,West Virginia,0,5,9,9,8
Brooke,West Virginia,0,5,6,8,8
Cabell,West Virginia,0,5,5,8,4
Calhoun,West Virginia,0,0,0,0,4
Clay,West Virginia,0,0,0,8,5
Doddridge,West Virginia,0,0,0,0,0
Fayette,West Virginia,0,5,4,7,6
Gilmer,West Virginia,0,0,5,8,8
Grant,West Virginia,0,0,6,8,7
Greenbrier,West Virginia,0,5,6,8,5
Hampshire,West Virginia,0,6,1,2,6
Hancock,West Virginia,0,5,3,1,5
Hardy,West Virginia,0,5,4,1,5
Harrison,West Virginia,6,6,2,2,3
Jackson,West Virginia,2,6,4,7,3
Jefferson,West Virginia,6,6,2,7,5
Kanawha,West Virginia,6,6,4,7,3
Lewis,West Virginia,0,5,3,1,3
Lincoln,West Virginia,0,0,5,8,4
Logan,West Virginia,2,6,2,4,6
McDowell,West Virginia,0,5,8,10,10
Marion,West Virginia,2,2,3,4,3
Marshall,West Virginia,4,5,5,8,8
Mason,West Virginia,0,5,5,8,4
Mercer,West Virginia,4,5,6,8,4
Mineral,West Virginia,0,5,4,7,5
Mingo,West Virginia,0,0,1,2,3
Monongalia,West Virginia,6,6,3,4,3
Monroe,West Virginia,0,5,5,8,8
Morgan,West Virginia,0,5,6,8,8
Nicholas,West Virginia,0,6,4,7,2
Ohio,West Virginia,6,6,3,2,2
Pendleton,West Virginia,0,5,5,7,5
Pleasants,West Virginia,0,9,5,8,8
Pocahontas,West Virginia,0,0,0,8,4
Preston,West Virginia,4,5,4,1,6
Putnam,West Virginia,4,5,5,8,8
Raleigh,West Virginia,4,5,6,8,4
Randolph,West Virginia,0,5,6,8,4
Ritchie,West Virginia,0,0,0,8,8
Roane,West Virginia,0,5,5,7,5
Summers,West Virginia,0,0,6,8,8
Taylor,West Virginia,0,5,6,8,8
Tucker,West Virginia,4,5,8,8,8
Tyler,West Virginia,0,5,8,10,9
Upshur,West Virginia,0,5,6,8,4
Wayne,West Virginia,0,6,4,7,6
Webster,West Virginia,0,0,0,0,0
Wetzel,West Virginia,0,5,6,8,8
Wirt,West Virginia,0,5,5,9,9
Wood,West Virginia,6,6,4,7,2
Wyoming,West Virginia,0,9,5,8,8
Adams,Wisconsin,0,6,4,2,2
Ashland,Wisconsin,0,5,8,9,9
Barron,Wisconsin,0,5,5,8,5
Bayfield,Wisconsin,6,6,4,11,9
Brown,Wisconsin,1,1,4,7,6
Buffalo,Wisconsin,0,6,1,4,6
Burnett,Wisconsin,0,0,0,0,2
Calumet,Wisconsin,4,2,4,7,6
Chippewa,Wisconsin,4,5,6,8,8
Clark,Wisconsin,6,6,4,2,3
Columbia,Wisconsin,6,6,1,2,2
Crawford,Wisconsin,0,5,6,8,4
Dane,Wisconsin,6,4,1,2,2
Dodge,Wisconsin,2,1,1,2,6
Door,Wisconsin,0,3,2,5,6
Douglas,Wisconsin,4,5,6,8,4
Dunn,Wisconsin,4,5,6,8,8
Eau Claire,Wisconsin,4,5,6,8,5
Florence,Wisconsin,0,5,8,10,9
Fond du Lac,Wisconsin,1,3,1,4,6
Forest,Wisconsin,0,0,0,1,5
Grant,Wisconsin,2,3,3,7,3
Green,Wisconsin,4,5,6,7,5
Green Lake,Wisconsin,0,0,5,8,8
Iowa,Wisconsin,4,5,5,8,4
Iron,Wisconsin,0,2,0,11,2
Jackson,Wisconsin,0,6,2,2,3
Jefferson,Wisconsin,4,6,3,3,3
Juneau,Wisconsin,2,3,3,7,2
Kenosha,Wisconsin,2,3,2,7,6
Kewaunee,Wisconsin,0,1,2,7,2
La Crosse,Wisconsin,4,5,5,8,4
Lafayette,Wisconsin,0,5,5,8,4
Langlade,Wisconsin,0,0,0,0,8
Lincoln,Wisconsin,0,0,0,8,8
Manitowoc,Wisconsin,0,2,2,2,2
Marathon,Wisconsin,6,4,1,2,2
Marinette,Wisconsin,0,1,1,7,3
Marquette,Wisconsin,0,6,3,2,2
Menominee,Wisconsin,0,5,5,8,8
Milwaukee,Wisconsin,2,3,1,4,6
Monroe,Wisconsin,6,6,4,2,2
Oconto,Wisconsin,0,5,6,8,8
Oneida,Wisconsin,0,5,6,8,8
Outagamie,Wisconsin,2,1,1,4,3
Ozaukee,Wisconsin,2,3,1,4,6
Pepin,Wisconsin,0,0,0,0,10
Pierce,Wisconsin,4,5,6,8,4
Polk,Wisconsin,0,5,4,6,3
Portage,Wisconsin,4,5,5,8,4
Price,Wisconsin,0,9,9,9,9
Racine,Wisconsin,2,1,1,7,5
Richland,Wisconsin,0,6,4,7,6
Rock,Wisconsin,1,1,2,7,6
Rusk,Wisconsin,0,5,6,8,4
St. Croix,Wisconsin,4,5,6,8,5
Sauk,Wisconsin,3,1,3,7,3
Sawyer,Wisconsin,0,5,6,8,8
Shawano,Wisconsin,0,5,6,8,8
Sheboygan,Wisconsin,2,3,2,2,3
Taylor,Wisconsin,0,0,0,0,4
Trempealeau,Wisconsin,0,5,6,8,4
Vernon,Wisconsin,0,0,6,8,8
Vilas,Wisconsin,4,9,6,8,8
Walworth,Wisconsin,2,3,2,7,6
Washburn,Wisconsin,0,0,5,8,8
Washington,Wisconsin,2,3,1,4,6
Waukesha,Wisconsin,2,4,2,3,3
Waupaca,Wisconsin,1,1,1,2,6
Waushara,Wisconsin,0,5,6,8,8
Winnebago,Wisconsin,2,1,1,4,6
Wood,Wisconsin,4,5,4,6,2
Albany,Wyoming,4,5,6,8,4
Big Horn,Wyoming,0,0,5,8,4
Campbell,Wyoming,4,5,5,8,4
Carbon,Wyoming,4,5,5,8,8
Converse,Wyoming,0,5,6,8,8
Crook,Wyoming,0,5,5,9,8
Fremont,Wyoming,4,5,6,8,8
Goshen,Wyoming,0,5,5,9,10
Hot Springs,Wyoming,0,5,6,8,8
Johnson,Wyoming,6,6,2,6,6
Laramie,Wyoming,4,5,6,8,4
Lincoln,Wyoming,0,5,5,8,4
Natrona,Wyoming,4,5,6,8,4
Niobrara,Wyoming,0,5,9,10,10
Park,Wyoming,8,8,9,8,4
Platte,Wyoming,0,0,0,0,8
Sheridan,Wyoming,4,5,9,8,4
Sublette,Wyoming,0,9,9,10,4
Sweetwater,Wyoming,4,5,6,8,4
Teton,Wyoming,8,5,5,8,4
Uinta,Wyoming,0,5,6,8,4
Washakie,Wyoming,0,5,5,8,8
Weston,Wyoming,0,0,0,0,0
                                                